facility_id,tech_scenario,capex,change_in_electricity_demand_kwh,heat_mmbtu,facility_name,state,fuels,naics_code,naics_description,county_fips,subregion,latitude,longitude,sector,r,t,elec_price,ng_price,ngboiler_om_best,ngboiler_om_worst,eboiler_om_best,eboiler_om_worst,hthp_om_best,hthp_om_worst
1000037,Baseline,92237.88304389143,0,474376.177911798,tyson fresh meats inc,IL,"['Other Biomass Gases', 'Natural Gas (Weighted U.S. Average)']",311611,Animal (except Poultry) Slaughtering,17161,RFCW,41.5514,-90.2256,Food & Beverage,0.065,30,0.0916,6.54,0.03,0.06,0.01,0.01,0.01,0.05
1000037,Scenario1,669062.3075825195,139025934.043121,474376.177911798,tyson fresh meats inc,IL,"['Other Biomass Gases', 'Natural Gas (Weighted U.S. Average)']",311611,Animal (except Poultry) Slaughtering,17161,RFCW,41.5514,-90.2256,Food & Beverage,0.065,30,0.0916,6.54,0.03,0.06,0.01,0.01,0.01,0.05
1000037,Scenario2,11295857.141003583,83100838.10284482,474376.177911798,tyson fresh meats inc,IL,"['Other Biomass Gases', 'Natural Gas (Weighted U.S. Average)']",311611,Animal (except Poultry) Slaughtering,17161,RFCW,41.5514,-90.2256,Food & Beverage,0.065,30,0.0916,6.54,0.03,0.06,0.01,0.01,0.01,0.05
1000037,Scenario3,602156.0768242679,125123340.6388089,474376.177911798,tyson fresh meats inc,IL,"['Other Biomass Gases', 'Natural Gas (Weighted U.S. Average)']",311611,Animal (except Poultry) Slaughtering,17161,RFCW,41.5514,-90.2256,Food & Beverage,0.065,30,0.0916,6.54,0.03,0.06,0.01,0.01,0.01,0.05
1000037,Scenario4,10166271.426903222,74790754.29256034,474376.177911798,tyson fresh meats inc,IL,"['Other Biomass Gases', 'Natural Gas (Weighted U.S. Average)']",311611,Animal (except Poultry) Slaughtering,17161,RFCW,41.5514,-90.2256,Food & Beverage,0.065,30,0.0916,6.54,0.03,0.06,0.01,0.01,0.01,0.05
1000248,Baseline,264158.4750203445,0,1678873.727855258,"otsego paper, inc.",MI,['Natural Gas (Weighted U.S. Average)'],322120,Paper Mills,26005,RFCM,42.4641,-85.6941,Pulp & Paper,0.065,30,0.0827,7.57,0.03,0.06,0.01,0.01,0.01,0.05
1000248,Scenario1,2367891.1016213787,492029319.8174294,1678873.727855258,"otsego paper, inc.",MI,['Natural Gas (Weighted U.S. Average)'],322120,Paper Mills,26005,RFCM,42.4641,-85.6941,Pulp & Paper,0.065,30,0.0827,7.57,0.03,0.06,0.01,0.01,0.01,0.05
1000248,Scenario2,39977382.23516613,215955102.85063446,1678873.727855258,"otsego paper, inc.",MI,['Natural Gas (Weighted U.S. Average)'],322120,Paper Mills,26005,RFCM,42.4641,-85.6941,Pulp & Paper,0.065,30,0.0827,7.57,0.03,0.06,0.01,0.01,0.01,0.05
1000248,Scenario3,2131101.991459241,442826387.8356864,1678873.727855258,"otsego paper, inc.",MI,['Natural Gas (Weighted U.S. Average)'],322120,Paper Mills,26005,RFCM,42.4641,-85.6941,Pulp & Paper,0.065,30,0.0827,7.57,0.03,0.06,0.01,0.01,0.01,0.05
1000248,Scenario4,35979644.01164953,194359592.56557107,1678873.727855258,"otsego paper, inc.",MI,['Natural Gas (Weighted U.S. Average)'],322120,Paper Mills,26005,RFCM,42.4641,-85.6941,Pulp & Paper,0.065,30,0.0827,7.57,0.03,0.06,0.01,0.01,0.01,0.05
1000376,Baseline,267049.37586564885,0,1700967.960799095,adm quincy,IL,"['Natural Gas (Weighted U.S. Average)', 'Propane']",311224,Soybean and Other Oilseed Processing,17001,SRMW,39.903884,-91.410552,Food & Beverage,0.065,30,0.0916,6.54,0.03,0.06,0.01,0.01,0.01,0.05
1000376,Scenario1,2399052.9077279624,498504500.307109,1700967.960799095,adm quincy,IL,"['Natural Gas (Weighted U.S. Average)', 'Propane']",311224,Soybean and Other Oilseed Processing,17001,SRMW,39.903884,-91.410552,Food & Beverage,0.065,30,0.0916,6.54,0.03,0.06,0.01,0.01,0.01,0.05
1000376,Scenario2,40503490.649952605,260507510.5450523,1700967.960799095,adm quincy,IL,"['Natural Gas (Weighted U.S. Average)', 'Propane']",311224,Soybean and Other Oilseed Processing,17001,SRMW,39.903884,-91.410552,Food & Beverage,0.065,30,0.0916,6.54,0.03,0.06,0.01,0.01,0.01,0.05
1000376,Scenario3,2159147.616955166,448654050.2763981,1700967.960799095,adm quincy,IL,"['Natural Gas (Weighted U.S. Average)', 'Propane']",311224,Soybean and Other Oilseed Processing,17001,SRMW,39.903884,-91.410552,Food & Beverage,0.065,30,0.0916,6.54,0.03,0.06,0.01,0.01,0.01,0.05
1000376,Scenario4,36453141.58495735,234456759.49054712,1700967.960799095,adm quincy,IL,"['Natural Gas (Weighted U.S. Average)', 'Propane']",311224,Soybean and Other Oilseed Processing,17001,SRMW,39.903884,-91.410552,Food & Beverage,0.065,30,0.0916,6.54,0.03,0.06,0.01,0.01,0.01,0.05
1000409,Baseline,509901.8454484275,0,3699197.889182058,"graphic packaging international, inc.",MI,['Natural Gas (Weighted U.S. Average)'],322130,Paperboard Mills,26077,RFCM,42.3049,-85.5783,Pulp & Paper,0.065,30,0.0827,7.57,0.03,0.06,0.01,0.01,0.01,0.05
1000409,Scenario1,5217365.439460825,1084127883.524327,3699197.889182058,"graphic packaging international, inc.",MI,['Natural Gas (Weighted U.S. Average)'],322130,Paperboard Mills,26077,RFCM,42.3049,-85.5783,Pulp & Paper,0.065,30,0.0827,7.57,0.03,0.06,0.01,0.01,0.01,0.05
1000409,Scenario2,88085390.53635159,475831295.3313626,3699197.889182058,"graphic packaging international, inc.",MI,['Natural Gas (Weighted U.S. Average)'],322130,Paperboard Mills,26077,RFCM,42.3049,-85.5783,Pulp & Paper,0.065,30,0.0827,7.57,0.03,0.06,0.01,0.01,0.01,0.05
1000409,Scenario3,4695628.8955147425,975715095.1718946,3699197.889182058,"graphic packaging international, inc.",MI,['Natural Gas (Weighted U.S. Average)'],322130,Paperboard Mills,26077,RFCM,42.3049,-85.5783,Pulp & Paper,0.065,30,0.0827,7.57,0.03,0.06,0.01,0.01,0.01,0.05
1000409,Scenario4,79276851.48271643,428248165.7982265,3699197.889182058,"graphic packaging international, inc.",MI,['Natural Gas (Weighted U.S. Average)'],322130,Paperboard Mills,26077,RFCM,42.3049,-85.5783,Pulp & Paper,0.065,30,0.0827,7.57,0.03,0.06,0.01,0.01,0.01,0.05
1000466,Baseline,551938.0746383625,0,4068491.519035055,biourja renewables llc,IL,['Natural Gas (Weighted U.S. Average)'],325193,Ethyl Alcohol Manufacturing,17143,SRMW,40.6776,-89.6069,Chemicals,0.065,30,0.0916,6.54,0.03,0.06,0.01,0.01,0.01,0.05
1000466,Scenario1,5738218.845828357,1192357162.769529,4068491.519035055,biourja renewables llc,IL,['Natural Gas (Weighted U.S. Average)'],325193,Ethyl Alcohol Manufacturing,17143,SRMW,40.6776,-89.6069,Chemicals,0.065,30,0.0916,6.54,0.03,0.06,0.01,0.01,0.01,0.05
1000466,Scenario2,96879019.47502422,655537674.6516678,4068491.519035055,biourja renewables llc,IL,['Natural Gas (Weighted U.S. Average)'],325193,Ethyl Alcohol Manufacturing,17143,SRMW,40.6776,-89.6069,Chemicals,0.065,30,0.0916,6.54,0.03,0.06,0.01,0.01,0.01,0.05
1000466,Scenario3,5164396.961245522,1073121446.492576,4068491.519035055,biourja renewables llc,IL,['Natural Gas (Weighted U.S. Average)'],325193,Ethyl Alcohol Manufacturing,17143,SRMW,40.6776,-89.6069,Chemicals,0.065,30,0.0916,6.54,0.03,0.06,0.01,0.01,0.01,0.05
1000466,Scenario4,87191117.5275218,589983907.186501,4068491.519035055,biourja renewables llc,IL,['Natural Gas (Weighted U.S. Average)'],325193,Ethyl Alcohol Manufacturing,17143,SRMW,40.6776,-89.6069,Chemicals,0.065,30,0.0916,6.54,0.03,0.06,0.01,0.01,0.01,0.05
1001663,Baseline,145785.35096672084,0,822104.731431261,morton salt,MI,"['Natural Gas (Weighted U.S. Average)', 'Bituminous']",311942,Spice and Extract Manufacturing,26101,RFCM,44.24073,-86.31005,Food & Beverage,0.065,30,0.0827,7.57,0.03,0.06,0.01,0.01,0.01,0.05
1001663,Scenario1,1159500.2327207446,240935113.2926223,822104.731431261,morton salt,MI,"['Natural Gas (Weighted U.S. Average)', 'Bituminous']",311942,Spice and Extract Manufacturing,26101,RFCM,44.24073,-86.31005,Food & Beverage,0.065,30,0.0827,7.57,0.03,0.06,0.01,0.01,0.01,0.05
1001663,Scenario2,19575977.955025565,148258452.2333102,822104.731431261,morton salt,MI,"['Natural Gas (Weighted U.S. Average)', 'Bituminous']",311942,Spice and Extract Manufacturing,26101,RFCM,44.24073,-86.31005,Food & Beverage,0.065,30,0.0827,7.57,0.03,0.06,0.01,0.01,0.01,0.05
1001663,Scenario3,1043550.2094486706,216841601.9633601,822104.731431261,morton salt,MI,"['Natural Gas (Weighted U.S. Average)', 'Bituminous']",311942,Spice and Extract Manufacturing,26101,RFCM,44.24073,-86.31005,Food & Beverage,0.065,30,0.0827,7.57,0.03,0.06,0.01,0.01,0.01,0.05
1001663,Scenario4,17618380.159523007,133432607.00997919,822104.731431261,morton salt,MI,"['Natural Gas (Weighted U.S. Average)', 'Bituminous']",311942,Spice and Extract Manufacturing,26101,RFCM,44.24073,-86.31005,Food & Beverage,0.065,30,0.0827,7.57,0.03,0.06,0.01,0.01,0.01,0.05
1001809,Baseline,208778.73752244492,0,1265555.974368639,marysville ethanol llc,MI,['Natural Gas (Weighted U.S. Average)'],325193,Ethyl Alcohol Manufacturing,26147,RFCM,42.88335,-82.491547,Chemicals,0.065,30,0.0827,7.57,0.03,0.06,0.01,0.01,0.01,0.05
1001809,Scenario1,1784945.87209934,370897843.5531097,1265555.974368639,marysville ethanol llc,MI,['Natural Gas (Weighted U.S. Average)'],325193,Ethyl Alcohol Manufacturing,26147,RFCM,42.88335,-82.491547,Chemicals,0.065,30,0.0827,7.57,0.03,0.06,0.01,0.01,0.01,0.05
1001809,Scenario2,30135449.78869016,203913321.8534787,1265555.974368639,marysville ethanol llc,MI,['Natural Gas (Weighted U.S. Average)'],325193,Ethyl Alcohol Manufacturing,26147,RFCM,42.88335,-82.491547,Chemicals,0.065,30,0.0827,7.57,0.03,0.06,0.01,0.01,0.01,0.05
1001809,Scenario3,1606451.2848894065,333808059.1977987,1265555.974368639,marysville ethanol llc,MI,['Natural Gas (Weighted U.S. Average)'],325193,Ethyl Alcohol Manufacturing,26147,RFCM,42.88335,-82.491547,Chemicals,0.065,30,0.0827,7.57,0.03,0.06,0.01,0.01,0.01,0.05
1001809,Scenario4,27121904.809821144,183521989.66813084,1265555.974368639,marysville ethanol llc,MI,['Natural Gas (Weighted U.S. Average)'],325193,Ethyl Alcohol Manufacturing,26147,RFCM,42.88335,-82.491547,Chemicals,0.065,30,0.0827,7.57,0.03,0.06,0.01,0.01,0.01,0.05
1001892,Baseline,70568.49652527054,0,343894.3330749999,billerud quinnesec llc,MI,"['Natural Gas (Weighted U.S. Average)', 'Propane', nan, 'Bituminous', 'Wood and Wood Residuals (dry basis)']",322120,Paper Mills,26043,RFCW,45.7952,-87.9576,Pulp & Paper,0.065,30,0.0827,7.57,0.03,0.06,0.01,0.01,0.01,0.05
1001892,Scenario1,485030.1232759031,100785480.1612266,343894.3330749999,billerud quinnesec llc,MI,"['Natural Gas (Weighted U.S. Average)', 'Propane', nan, 'Bituminous', 'Wood and Wood Residuals (dry basis)']",322120,Paper Mills,26043,RFCW,45.7952,-87.9576,Pulp & Paper,0.065,30,0.0827,7.57,0.03,0.06,0.01,0.01,0.01,0.05
1001892,Scenario2,8188820.263099665,74758144.59066223,343894.3330749999,billerud quinnesec llc,MI,"['Natural Gas (Weighted U.S. Average)', 'Propane', nan, 'Bituminous', 'Wood and Wood Residuals (dry basis)']",322120,Paper Mills,26043,RFCW,45.7952,-87.9576,Pulp & Paper,0.065,30,0.0827,7.57,0.03,0.06,0.01,0.01,0.01,0.05
1001892,Scenario3,436527.1109483128,90706932.14510396,343894.3330749999,billerud quinnesec llc,MI,"['Natural Gas (Weighted U.S. Average)', 'Propane', nan, 'Bituminous', 'Wood and Wood Residuals (dry basis)']",322120,Paper Mills,26043,RFCW,45.7952,-87.9576,Pulp & Paper,0.065,30,0.0827,7.57,0.03,0.06,0.01,0.01,0.01,0.05
1001892,Scenario4,7369938.2367897,67282330.131596,343894.3330749999,billerud quinnesec llc,MI,"['Natural Gas (Weighted U.S. Average)', 'Propane', nan, 'Bituminous', 'Wood and Wood Residuals (dry basis)']",322120,Paper Mills,26043,RFCW,45.7952,-87.9576,Pulp & Paper,0.065,30,0.0827,7.57,0.03,0.06,0.01,0.01,0.01,0.05
1002346,Baseline,110981.54117002756,0,592419.1481341877,jbs/swift pork company,IL,"['Other Biomass Gases', 'Natural Gas (Weighted U.S. Average)']",311611,Animal (except Poultry) Slaughtering,17017,SRMW,39.99379,-90.404577,Food & Beverage,0.065,30,0.0916,6.54,0.03,0.06,0.01,0.01,0.01,0.05
1002346,Scenario1,835550.6468548418,173620913.6321749,592419.1481341877,jbs/swift pork company,IL,"['Other Biomass Gases', 'Natural Gas (Weighted U.S. Average)']",311611,Animal (except Poultry) Slaughtering,17017,SRMW,39.99379,-90.404577,Food & Beverage,0.065,30,0.0916,6.54,0.03,0.06,0.01,0.01,0.01,0.05
1002346,Scenario2,14106699.23261421,103779510.88277021,592419.1481341877,jbs/swift pork company,IL,"['Other Biomass Gases', 'Natural Gas (Weighted U.S. Average)']",311611,Animal (except Poultry) Slaughtering,17017,SRMW,39.99379,-90.404577,Food & Beverage,0.065,30,0.0916,6.54,0.03,0.06,0.01,0.01,0.01,0.05
1002346,Scenario3,751995.5821693577,156258822.2689574,592419.1481341877,jbs/swift pork company,IL,"['Other Biomass Gases', 'Natural Gas (Weighted U.S. Average)']",311611,Animal (except Poultry) Slaughtering,17017,SRMW,39.99379,-90.404577,Food & Beverage,0.065,30,0.0916,6.54,0.03,0.06,0.01,0.01,0.01,0.05
1002346,Scenario4,12696029.309352791,93401559.7944932,592419.1481341877,jbs/swift pork company,IL,"['Other Biomass Gases', 'Natural Gas (Weighted U.S. Average)']",311611,Animal (except Poultry) Slaughtering,17017,SRMW,39.99379,-90.404577,Food & Beverage,0.065,30,0.0916,6.54,0.03,0.06,0.01,0.01,0.01,0.05
1002356,Baseline,402037.788021843,0,2780480.964945345,one earth energy llc,IL,['Natural Gas (Weighted U.S. Average)'],325193,Ethyl Alcohol Manufacturing,17053,SRMW,40.471085,-88.39574,Chemicals,0.065,30,0.0916,6.54,0.03,0.06,0.01,0.01,0.01,0.05
1002356,Scenario1,3921602.9328974807,814878531.5111649,2780480.964945345,one earth energy llc,IL,['Natural Gas (Weighted U.S. Average)'],325193,Ethyl Alcohol Manufacturing,17053,SRMW,40.471085,-88.39574,Chemicals,0.065,30,0.0916,6.54,0.03,0.06,0.01,0.01,0.01,0.05
1002356,Scenario2,66208880.68528214,448006347.7201986,2780480.964945345,one earth energy llc,IL,['Natural Gas (Weighted U.S. Average)'],325193,Ethyl Alcohol Manufacturing,17053,SRMW,40.471085,-88.39574,Chemicals,0.065,30,0.0916,6.54,0.03,0.06,0.01,0.01,0.01,0.05
1002356,Scenario3,3529442.6396077326,733390678.3600484,2780480.964945345,one earth energy llc,IL,['Natural Gas (Weighted U.S. Average)'],325193,Ethyl Alcohol Manufacturing,17053,SRMW,40.471085,-88.39574,Chemicals,0.065,30,0.0916,6.54,0.03,0.06,0.01,0.01,0.01,0.05
1002356,Scenario4,59587992.61675392,403205712.94817865,2780480.964945345,one earth energy llc,IL,['Natural Gas (Weighted U.S. Average)'],325193,Ethyl Alcohol Manufacturing,17053,SRMW,40.471085,-88.39574,Chemicals,0.065,30,0.0916,6.54,0.03,0.06,0.01,0.01,0.01,0.05
1002614,Baseline,87606.10120632796,0,445908.7825103656,solae co gibson,IL,['Natural Gas (Weighted U.S. Average)'],311224,Soybean and Other Oilseed Processing,17053,SRMW,40.611184,-88.181952,Food & Beverage,0.065,30,0.0916,6.54,0.03,0.06,0.01,0.01,0.01,0.05
1002614,Scenario1,628911.7643111676,130682964.0127101,445908.7825103656,solae co gibson,IL,['Natural Gas (Weighted U.S. Average)'],311224,Soybean and Other Oilseed Processing,17053,SRMW,40.611184,-88.181952,Food & Beverage,0.065,30,0.0916,6.54,0.03,0.06,0.01,0.01,0.01,0.05
1002614,Scenario2,10617990.8260327,68292048.7269958,445908.7825103656,solae co gibson,IL,['Natural Gas (Weighted U.S. Average)'],311224,Soybean and Other Oilseed Processing,17053,SRMW,40.611184,-88.181952,Food & Beverage,0.065,30,0.0916,6.54,0.03,0.06,0.01,0.01,0.01,0.05
1002614,Scenario3,566020.5878800508,117614667.6114391,445908.7825103656,solae co gibson,IL,['Natural Gas (Weighted U.S. Average)'],311224,Soybean and Other Oilseed Processing,17053,SRMW,40.611184,-88.181952,Food & Beverage,0.065,30,0.0916,6.54,0.03,0.06,0.01,0.01,0.01,0.05
1002614,Scenario4,9556191.74342943,61462843.85429621,445908.7825103656,solae co gibson,IL,['Natural Gas (Weighted U.S. Average)'],311224,Soybean and Other Oilseed Processing,17053,SRMW,40.611184,-88.181952,Food & Beverage,0.065,30,0.0916,6.54,0.03,0.06,0.01,0.01,0.01,0.05
1003135,Baseline,201812.3767433679,0,1215003.392385978,carbon green bioenergy,MI,"['Natural Gas (Weighted U.S. Average)', 'Other Biomass Gases']",325193,Ethyl Alcohol Manufacturing,26015,RFCM,42.76601,-85.07428,Chemicals,0.065,30,0.0827,7.57,0.03,0.06,0.01,0.01,0.01,0.05
1003135,Scenario1,1713646.2817521566,356082344.2601885,1215003.392385978,carbon green bioenergy,MI,"['Natural Gas (Weighted U.S. Average)', 'Other Biomass Gases']",325193,Ethyl Alcohol Manufacturing,26015,RFCM,42.76601,-85.07428,Chemicals,0.065,30,0.0827,7.57,0.03,0.06,0.01,0.01,0.01,0.05
1003135,Scenario2,28931690.471140314,195768012.49606574,1215003.392385978,carbon green bioenergy,MI,"['Natural Gas (Weighted U.S. Average)', 'Other Biomass Gases']",325193,Ethyl Alcohol Manufacturing,26015,RFCM,42.76601,-85.07428,Chemicals,0.065,30,0.0827,7.57,0.03,0.06,0.01,0.01,0.01,0.05
1003135,Scenario3,1542281.6535769412,320474109.8341696,1215003.392385978,carbon green bioenergy,MI,"['Natural Gas (Weighted U.S. Average)', 'Other Biomass Gases']",325193,Ethyl Alcohol Manufacturing,26015,RFCM,42.76601,-85.07428,Chemicals,0.065,30,0.0827,7.57,0.03,0.06,0.01,0.01,0.01,0.05
1003135,Scenario4,26038521.42402628,176191211.24645916,1215003.392385978,carbon green bioenergy,MI,"['Natural Gas (Weighted U.S. Average)', 'Other Biomass Gases']",325193,Ethyl Alcohol Manufacturing,26015,RFCM,42.76601,-85.07428,Chemicals,0.065,30,0.0827,7.57,0.03,0.06,0.01,0.01,0.01,0.05
1003320,Baseline,618759.9263999301,0,4667144.234892589,billerud escanaba llc,MI,"['Bituminous', 'Natural Gas (Weighted U.S. Average)', 'Tires', 'Wood and Wood Residuals (dry basis)', nan, 'Propane']",322120,Paper Mills,26041,MROE,45.804799,-87.08978,Pulp & Paper,0.065,30,0.0827,7.57,0.03,0.06,0.01,0.01,0.01,0.05
1003320,Scenario1,6582561.344803207,1367804954.764302,4667144.234892589,billerud escanaba llc,MI,"['Bituminous', 'Natural Gas (Weighted U.S. Average)', 'Tires', 'Wood and Wood Residuals (dry basis)', nan, 'Propane']",322120,Paper Mills,26041,MROE,45.804799,-87.08978,Pulp & Paper,0.065,30,0.0827,7.57,0.03,0.06,0.01,0.01,0.01,0.05
1003320,Scenario2,111134152.57459958,1014576310.1640952,4667144.234892589,billerud escanaba llc,MI,"['Bituminous', 'Natural Gas (Weighted U.S. Average)', 'Tires', 'Wood and Wood Residuals (dry basis)', nan, 'Propane']",322120,Paper Mills,26041,MROE,45.804799,-87.08978,Pulp & Paper,0.065,30,0.0827,7.57,0.03,0.06,0.01,0.01,0.01,0.05
1003320,Scenario3,5924305.210322886,1231024459.287872,4667144.234892589,billerud escanaba llc,MI,"['Bituminous', 'Natural Gas (Weighted U.S. Average)', 'Tires', 'Wood and Wood Residuals (dry basis)', nan, 'Propane']",322120,Paper Mills,26041,MROE,45.804799,-87.08978,Pulp & Paper,0.065,30,0.0827,7.57,0.03,0.06,0.01,0.01,0.01,0.05
1003320,Scenario4,100020737.31713961,913118679.1476858,4667144.234892589,billerud escanaba llc,MI,"['Bituminous', 'Natural Gas (Weighted U.S. Average)', 'Tires', 'Wood and Wood Residuals (dry basis)', nan, 'Propane']",322120,Paper Mills,26041,MROE,45.804799,-87.08978,Pulp & Paper,0.065,30,0.0827,7.57,0.03,0.06,0.01,0.01,0.01,0.05
1003422,Baseline,220076.9876883664,0,1348263.852242744,adkins energy llc,IL,['Natural Gas (Weighted U.S. Average)'],325193,Ethyl Alcohol Manufacturing,17177,RFCW,42.3586,-89.80342,Chemicals,0.065,30,0.0916,6.54,0.03,0.06,0.01,0.01,0.01,0.05
1003422,Scenario1,1901597.4372544335,395137129.819103,1348263.852242744,adkins energy llc,IL,['Natural Gas (Weighted U.S. Average)'],325193,Ethyl Alcohol Manufacturing,17177,RFCW,42.3586,-89.80342,Chemicals,0.065,30,0.0916,6.54,0.03,0.06,0.01,0.01,0.01,0.05
1003422,Scenario2,32104891.79780212,217239668.89962524,1348263.852242744,adkins energy llc,IL,['Natural Gas (Weighted U.S. Average)'],325193,Ethyl Alcohol Manufacturing,17177,RFCW,42.3586,-89.80342,Chemicals,0.065,30,0.0916,6.54,0.03,0.06,0.01,0.01,0.01,0.05
1003422,Scenario3,1711437.6935289898,355623416.8371927,1348263.852242744,adkins energy llc,IL,['Natural Gas (Weighted U.S. Average)'],325193,Ethyl Alcohol Manufacturing,17177,RFCW,42.3586,-89.80342,Chemicals,0.065,30,0.0916,6.54,0.03,0.06,0.01,0.01,0.01,0.05
1003422,Scenario4,28894402.61802191,195515702.00966275,1348263.852242744,adkins energy llc,IL,['Natural Gas (Weighted U.S. Average)'],325193,Ethyl Alcohol Manufacturing,17177,RFCW,42.3586,-89.80342,Chemicals,0.065,30,0.0916,6.54,0.03,0.06,0.01,0.01,0.01,0.05
1004033,Baseline,163512.97000690742,0,943611.0064078402,incobrasa industries ltd,IL,['Natural Gas (Weighted U.S. Average)'],311224,Soybean and Other Oilseed Processing,17075,SRMW,40.762424,-88.014319,Food & Beverage,0.065,30,0.0916,6.54,0.03,0.06,0.01,0.01,0.01,0.05
1004033,Scenario1,1330873.2326876647,276545087.3117226,943611.0064078402,incobrasa industries ltd,IL,['Natural Gas (Weighted U.S. Average)'],311224,Soybean and Other Oilseed Processing,17075,SRMW,40.762424,-88.014319,Food & Beverage,0.065,30,0.0916,6.54,0.03,0.06,0.01,0.01,0.01,0.05
1004033,Scenario2,22469288.34407746,144516392.94060275,943611.0064078402,incobrasa industries ltd,IL,['Natural Gas (Weighted U.S. Average)'],311224,Soybean and Other Oilseed Processing,17075,SRMW,40.762424,-88.014319,Food & Beverage,0.065,30,0.0916,6.54,0.03,0.06,0.01,0.01,0.01,0.05
1004033,Scenario3,1197785.9094188982,248890578.5805503,943611.0064078402,incobrasa industries ltd,IL,['Natural Gas (Weighted U.S. Average)'],311224,Soybean and Other Oilseed Processing,17075,SRMW,40.762424,-88.014319,Food & Beverage,0.065,30,0.0916,6.54,0.03,0.06,0.01,0.01,0.01,0.05
1004033,Scenario4,20222359.509669714,130064753.64654246,943611.0064078402,incobrasa industries ltd,IL,['Natural Gas (Weighted U.S. Average)'],311224,Soybean and Other Oilseed Processing,17075,SRMW,40.762424,-88.014319,Food & Beverage,0.065,30,0.0916,6.54,0.03,0.06,0.01,0.01,0.01,0.05
1004276,Baseline,417299.6973615218,0,2907748.209574067,chs-rochelle,IL,"['Natural Gas (Weighted U.S. Average)', 'Other Biomass Gases']",325193,Ethyl Alcohol Manufacturing,17141,RFCW,41.89246,-89.03439,Chemicals,0.065,30,0.0916,6.54,0.03,0.06,0.01,0.01,0.01,0.05
1004276,Scenario1,4101101.2305265698,852176879.0704561,2907748.209574067,chs-rochelle,IL,"['Natural Gas (Weighted U.S. Average)', 'Other Biomass Gases']",325193,Ethyl Alcohol Manufacturing,17141,RFCW,41.89246,-89.03439,Chemicals,0.065,30,0.0916,6.54,0.03,0.06,0.01,0.01,0.01,0.05
1004276,Scenario2,69239371.42447455,468512344.405433,2907748.209574067,chs-rochelle,IL,"['Natural Gas (Weighted U.S. Average)', 'Other Biomass Gases']",325193,Ethyl Alcohol Manufacturing,17141,RFCW,41.89246,-89.03439,Chemicals,0.065,30,0.0916,6.54,0.03,0.06,0.01,0.01,0.01,0.05
1004276,Scenario3,3690991.1074739136,766959191.1634105,2907748.209574067,chs-rochelle,IL,"['Natural Gas (Weighted U.S. Average)', 'Other Biomass Gases']",325193,Ethyl Alcohol Manufacturing,17141,RFCW,41.89246,-89.03439,Chemicals,0.065,30,0.0916,6.54,0.03,0.06,0.01,0.01,0.01,0.05
1004276,Scenario4,62315434.28202711,421661109.96488965,2907748.209574067,chs-rochelle,IL,"['Natural Gas (Weighted U.S. Average)', 'Other Biomass Gases']",325193,Ethyl Alcohol Manufacturing,17141,RFCW,41.89246,-89.03439,Chemicals,0.065,30,0.0916,6.54,0.03,0.06,0.01,0.01,0.01,0.05
1004477,Baseline,157528.9505632499,0,902284.206558613,michigan sugar co - croswell factory,MI,['Natural Gas (Weighted U.S. Average)'],311313,Beet Sugar Manufacturing,26151,RFCM,43.266053,-82.619552,Food & Beverage,0.065,30,0.0827,7.57,0.03,0.06,0.01,0.01,0.01,0.05
1004477,Scenario1,1272585.727202375,264433397.8602338,902284.206558613,michigan sugar co - croswell factory,MI,['Natural Gas (Weighted U.S. Average)'],311313,Beet Sugar Manufacturing,26151,RFCM,43.266053,-82.619552,Food & Beverage,0.065,30,0.0827,7.57,0.03,0.06,0.01,0.01,0.01,0.05
1004477,Scenario2,21485213.57614399,174122587.81111878,902284.206558613,michigan sugar co - croswell factory,MI,['Natural Gas (Weighted U.S. Average)'],311313,Beet Sugar Manufacturing,26151,RFCM,43.266053,-82.619552,Food & Beverage,0.065,30,0.0827,7.57,0.03,0.06,0.01,0.01,0.01,0.05
1004477,Scenario3,1145327.1544821374,237990058.0742104,902284.206558613,michigan sugar co - croswell factory,MI,['Natural Gas (Weighted U.S. Average)'],311313,Beet Sugar Manufacturing,26151,RFCM,43.266053,-82.619552,Food & Beverage,0.065,30,0.0827,7.57,0.03,0.06,0.01,0.01,0.01,0.05
1004477,Scenario4,19336692.218529597,156710329.0300069,902284.206558613,michigan sugar co - croswell factory,MI,['Natural Gas (Weighted U.S. Average)'],311313,Beet Sugar Manufacturing,26151,RFCM,43.266053,-82.619552,Food & Beverage,0.065,30,0.0827,7.57,0.03,0.06,0.01,0.01,0.01,0.05
1004553,Baseline,51396.71635617226,0,234989.8228420656,"ox paperboard wp mill, llc",MI,['Natural Gas (Weighted U.S. Average)'],322130,Paperboard Mills,26149,RFCM,41.7887,-85.647,Pulp & Paper,0.065,30,0.0827,7.57,0.03,0.06,0.01,0.01,0.01,0.05
1004553,Scenario1,331430.70931852906,68868718.81943461,234989.8228420656,"ox paperboard wp mill, llc",MI,['Natural Gas (Weighted U.S. Average)'],322130,Paperboard Mills,26149,RFCM,41.7887,-85.647,Pulp & Paper,0.065,30,0.0827,7.57,0.03,0.06,0.01,0.01,0.01,0.05
1004553,Scenario2,5595583.404079063,30226961.396042377,234989.8228420656,"ox paperboard wp mill, llc",MI,['Natural Gas (Weighted U.S. Average)'],322130,Paperboard Mills,26149,RFCM,41.7887,-85.647,Pulp & Paper,0.065,30,0.0827,7.57,0.03,0.06,0.01,0.01,0.01,0.05
1004553,Scenario3,298287.6383866762,61981846.93749116,234989.8228420656,"ox paperboard wp mill, llc",MI,['Natural Gas (Weighted U.S. Average)'],322130,Paperboard Mills,26149,RFCM,41.7887,-85.647,Pulp & Paper,0.065,30,0.0827,7.57,0.03,0.06,0.01,0.01,0.01,0.05
1004553,Scenario4,5036025.063671156,27204265.25643814,234989.8228420656,"ox paperboard wp mill, llc",MI,['Natural Gas (Weighted U.S. Average)'],322130,Paperboard Mills,26149,RFCM,41.7887,-85.647,Pulp & Paper,0.065,30,0.0827,7.57,0.03,0.06,0.01,0.01,0.01,0.05
1004584,Baseline,253156.2802360141,0,1595235.582359593,"poet biorefining - caro, llc",MI,['Natural Gas (Weighted U.S. Average)'],325193,Ethyl Alcohol Manufacturing,26157,RFCM,43.472883,-83.410497,Chemicals,0.065,30,0.0827,7.57,0.03,0.06,0.01,0.01,0.01,0.05
1004584,Scenario1,2249927.4828039585,467517399.0241991,1595235.582359593,"poet biorefining - caro, llc",MI,['Natural Gas (Weighted U.S. Average)'],325193,Ethyl Alcohol Manufacturing,26157,RFCM,43.472883,-83.410497,Chemicals,0.065,30,0.0827,7.57,0.03,0.06,0.01,0.01,0.01,0.05
1004584,Scenario2,37985788.67071618,257033109.0255363,1595235.582359593,"poet biorefining - caro, llc",MI,['Natural Gas (Weighted U.S. Average)'],325193,Ethyl Alcohol Manufacturing,26157,RFCM,43.472883,-83.410497,Chemicals,0.065,30,0.0827,7.57,0.03,0.06,0.01,0.01,0.01,0.05
1004584,Scenario3,2024934.7345235625,420765659.1217792,1595235.582359593,"poet biorefining - caro, llc",MI,['Natural Gas (Weighted U.S. Average)'],325193,Ethyl Alcohol Manufacturing,26157,RFCM,43.472883,-83.410497,Chemicals,0.065,30,0.0827,7.57,0.03,0.06,0.01,0.01,0.01,0.05
1004584,Scenario4,34187209.80364456,231329798.12298265,1595235.582359593,"poet biorefining - caro, llc",MI,['Natural Gas (Weighted U.S. Average)'],325193,Ethyl Alcohol Manufacturing,26157,RFCM,43.472883,-83.410497,Chemicals,0.065,30,0.0827,7.57,0.03,0.06,0.01,0.01,0.01,0.05
1004668,Baseline,169216.52511317117,0,983285.3373539388,lincolnland agri-energy llc,IL,['Natural Gas (Weighted U.S. Average)'],325193,Ethyl Alcohol Manufacturing,17033,SRMW,39.004293,-87.631325,Chemicals,0.065,30,0.0916,6.54,0.03,0.06,0.01,0.01,0.01,0.05
1004668,Scenario1,1386830.0885555937,288172485.9336299,983285.3373539388,lincolnland agri-energy llc,IL,['Natural Gas (Weighted U.S. Average)'],325193,Ethyl Alcohol Manufacturing,17033,SRMW,39.004293,-87.631325,Chemicals,0.065,30,0.0916,6.54,0.03,0.06,0.01,0.01,0.01,0.05
1004668,Scenario2,23414014.482107423,158432328.18658066,983285.3373539388,lincolnland agri-energy llc,IL,['Natural Gas (Weighted U.S. Average)'],325193,Ethyl Alcohol Manufacturing,17033,SRMW,39.004293,-87.631325,Chemicals,0.065,30,0.0916,6.54,0.03,0.06,0.01,0.01,0.01,0.05
1004668,Scenario3,1248147.0797000346,259355237.3402669,983285.3373539388,lincolnland agri-energy llc,IL,['Natural Gas (Weighted U.S. Average)'],325193,Ethyl Alcohol Manufacturing,17033,SRMW,39.004293,-87.631325,Chemicals,0.065,30,0.0916,6.54,0.03,0.06,0.01,0.01,0.01,0.05
1004668,Scenario4,21072613.033896685,142589095.3679226,983285.3373539388,lincolnland agri-energy llc,IL,['Natural Gas (Weighted U.S. Average)'],325193,Ethyl Alcohol Manufacturing,17033,SRMW,39.004293,-87.631325,Chemicals,0.065,30,0.0916,6.54,0.03,0.06,0.01,0.01,0.01,0.05
1004708,Baseline,123892.05402868806,0,676141.7263475312,"bunge loders croklaan usa, llc",IL,['Natural Gas (Weighted U.S. Average)'],311225,Fats and Oils Refining and Blending,17197,RFCW,41.408978,-88.210161,Food & Beverage,0.065,30,0.0916,6.54,0.03,0.06,0.01,0.01,0.01,0.05
1004708,Scenario1,953633.349959281,198157579.2123182,676141.7263475312,"bunge loders croklaan usa, llc",IL,['Natural Gas (Weighted U.S. Average)'],311225,Fats and Oils Refining and Blending,17197,RFCW,41.408978,-88.210161,Food & Beverage,0.065,30,0.0916,6.54,0.03,0.06,0.01,0.01,0.01,0.05
1004708,Scenario2,16100303.31100085,191411710.2022768,676141.7263475312,"bunge loders croklaan usa, llc",IL,['Natural Gas (Weighted U.S. Average)'],311225,Fats and Oils Refining and Blending,17197,RFCW,41.408978,-88.210161,Food & Beverage,0.065,30,0.0916,6.54,0.03,0.06,0.01,0.01,0.01,0.05
1004708,Scenario3,858270.0149633532,178341821.2910864,676141.7263475312,"bunge loders croklaan usa, llc",IL,['Natural Gas (Weighted U.S. Average)'],311225,Fats and Oils Refining and Blending,17197,RFCW,41.408978,-88.210161,Food & Beverage,0.065,30,0.0916,6.54,0.03,0.06,0.01,0.01,0.01,0.05
1004708,Scenario4,14490272.979900764,172270539.18204916,676141.7263475312,"bunge loders croklaan usa, llc",IL,['Natural Gas (Weighted U.S. Average)'],311225,Fats and Oils Refining and Blending,17197,RFCW,41.408978,-88.210161,Food & Beverage,0.065,30,0.0916,6.54,0.03,0.06,0.01,0.01,0.01,0.05
1004861,Baseline,364169.6286052926,0,2468951.37580098,"alto icp, llc",IL,['Natural Gas (Weighted U.S. Average)'],312140,Distilleries,17179,SRMW,40.556501,-89.666235,Food & Beverage,0.065,30,0.0916,6.54,0.03,0.06,0.01,0.01,0.01,0.05
1004861,Scenario1,3482220.190891583,723578221.4839653,2468951.37580098,"alto icp, llc",IL,['Natural Gas (Weighted U.S. Average)'],312140,Distilleries,17179,SRMW,40.556501,-89.666235,Food & Beverage,0.065,30,0.0916,6.54,0.03,0.06,0.01,0.01,0.01,0.05
1004861,Scenario2,58790730.49557218,406027189.40115505,2468951.37580098,"alto icp, llc",IL,['Natural Gas (Weighted U.S. Average)'],312140,Distilleries,17179,SRMW,40.556501,-89.666235,Food & Beverage,0.065,30,0.0916,6.54,0.03,0.06,0.01,0.01,0.01,0.05
1004861,Scenario3,3133998.171802425,651220399.3355688,2468951.37580098,"alto icp, llc",IL,['Natural Gas (Weighted U.S. Average)'],312140,Distilleries,17179,SRMW,40.556501,-89.666235,Food & Beverage,0.065,30,0.0916,6.54,0.03,0.06,0.01,0.01,0.01,0.05
1004861,Scenario4,52911657.44601496,365424470.46103954,2468951.37580098,"alto icp, llc",IL,['Natural Gas (Weighted U.S. Average)'],312140,Distilleries,17179,SRMW,40.556501,-89.666235,Food & Beverage,0.065,30,0.0916,6.54,0.03,0.06,0.01,0.01,0.01,0.05
1005019,Baseline,137248.99444762355,0,764627.6735603663,bunge chevron ag renewables llc  cairo facility,IL,"['Distillate Fuel Oil No. 2', 'Natural Gas (Weighted U.S. Average)']",311224,Soybean and Other Oilseed Processing,17003,SRMW,37.01433,-89.17734,Food & Beverage,0.065,30,0.0916,6.54,0.03,0.06,0.01,0.01,0.01,0.05
1005019,Scenario1,1078434.3302518716,224090250.4419473,764627.6735603663,bunge chevron ag renewables llc  cairo facility,IL,"['Distillate Fuel Oil No. 2', 'Natural Gas (Weighted U.S. Average)']",311224,Soybean and Other Oilseed Processing,17003,SRMW,37.01433,-89.17734,Food & Beverage,0.065,30,0.0916,6.54,0.03,0.06,0.01,0.01,0.01,0.05
1005019,Scenario2,18207332.848408215,117104646.48580924,764627.6735603663,bunge chevron ag renewables llc  cairo facility,IL,"['Distillate Fuel Oil No. 2', 'Natural Gas (Weighted U.S. Average)']",311224,Soybean and Other Oilseed Processing,17003,SRMW,37.01433,-89.17734,Food & Beverage,0.065,30,0.0916,6.54,0.03,0.06,0.01,0.01,0.01,0.05
1005019,Scenario3,970590.8972266841,201681225.3977526,764627.6735603663,bunge chevron ag renewables llc  cairo facility,IL,"['Distillate Fuel Oil No. 2', 'Natural Gas (Weighted U.S. Average)']",311224,Soybean and Other Oilseed Processing,17003,SRMW,37.01433,-89.17734,Food & Beverage,0.065,30,0.0916,6.54,0.03,0.06,0.01,0.01,0.01,0.05
1005019,Scenario4,16386599.563567394,105394181.8372283,764627.6735603663,bunge chevron ag renewables llc  cairo facility,IL,"['Distillate Fuel Oil No. 2', 'Natural Gas (Weighted U.S. Average)']",311224,Soybean and Other Oilseed Processing,17003,SRMW,37.01433,-89.17734,Food & Beverage,0.065,30,0.0916,6.54,0.03,0.06,0.01,0.01,0.01,0.05
1005073,Baseline,140443.49191357187,0,786055.0320392009,up paper llc,MI,"['Natural Gas (Weighted U.S. Average)', 'Natural Gasoline']",322120,Paper Mills,26153,MROE,45.9597,-86.2554,Pulp & Paper,0.065,30,0.0827,7.57,0.03,0.06,0.01,0.01,0.01,0.05
1005073,Scenario1,1108655.5735958247,230369989.3186129,786055.0320392009,up paper llc,MI,"['Natural Gas (Weighted U.S. Average)', 'Natural Gasoline']",322120,Paper Mills,26153,MROE,45.9597,-86.2554,Pulp & Paper,0.065,30,0.0827,7.57,0.03,0.06,0.01,0.01,0.01,0.05
1005073,Scenario2,18717561.6321373,101110996.30294493,786055.0320392009,up paper llc,MI,"['Natural Gas (Weighted U.S. Average)', 'Natural Gasoline']",322120,Paper Mills,26153,MROE,45.9597,-86.2554,Pulp & Paper,0.065,30,0.0827,7.57,0.03,0.06,0.01,0.01,0.01,0.05
1005073,Scenario3,997790.0162362421,207332990.3867516,786055.0320392009,up paper llc,MI,"['Natural Gas (Weighted U.S. Average)', 'Natural Gasoline']",322120,Paper Mills,26153,MROE,45.9597,-86.2554,Pulp & Paper,0.065,30,0.0827,7.57,0.03,0.06,0.01,0.01,0.01,0.05
1005073,Scenario4,16845805.46892357,90999896.67265043,786055.0320392009,up paper llc,MI,"['Natural Gas (Weighted U.S. Average)', 'Natural Gasoline']",322120,Paper Mills,26153,MROE,45.9597,-86.2554,Pulp & Paper,0.065,30,0.0827,7.57,0.03,0.06,0.01,0.01,0.01,0.05
1005170,Baseline,331083.30207721237,0,2202029.400678477,green plains madison llc,IL,['Natural Gas (Weighted U.S. Average)'],325193,Ethyl Alcohol Manufacturing,17119,SRMW,38.67995,-90.17185,Chemicals,0.065,30,0.0916,6.54,0.03,0.06,0.01,0.01,0.01,0.05
1005170,Scenario1,3105752.229523694,645351112.6283001,2202029.400678477,green plains madison llc,IL,['Natural Gas (Weighted U.S. Average)'],325193,Ethyl Alcohol Manufacturing,17119,SRMW,38.67995,-90.17185,Chemicals,0.065,30,0.0916,6.54,0.03,0.06,0.01,0.01,0.01,0.05
1005170,Scenario2,52434777.901049376,354803058.10683876,2202029.400678477,green plains madison llc,IL,['Natural Gas (Weighted U.S. Average)'],325193,Ethyl Alcohol Manufacturing,17119,SRMW,38.67995,-90.17185,Chemicals,0.065,30,0.0916,6.54,0.03,0.06,0.01,0.01,0.01,0.05
1005170,Scenario3,2795177.006571325,580816001.36547,2202029.400678477,green plains madison llc,IL,['Natural Gas (Weighted U.S. Average)'],325193,Ethyl Alcohol Manufacturing,17119,SRMW,38.67995,-90.17185,Chemicals,0.065,30,0.0916,6.54,0.03,0.06,0.01,0.01,0.01,0.05
1005170,Scenario4,47191300.11094445,319322752.2961548,2202029.400678477,green plains madison llc,IL,['Natural Gas (Weighted U.S. Average)'],325193,Ethyl Alcohol Manufacturing,17119,SRMW,38.67995,-90.17185,Chemicals,0.065,30,0.0916,6.54,0.03,0.06,0.01,0.01,0.01,0.05
1005374,Baseline,930185.0211646399,0,7615886.920467395,marquis energy - illinois llc,IL,['Natural Gas (Weighted U.S. Average)'],325193,Ethyl Alcohol Manufacturing,17155,SRMW,41.27697,-89.31724,Chemicals,0.065,30,0.0916,6.54,0.03,0.06,0.01,0.01,0.01,0.05
1005374,Scenario1,10741481.3697556,2231996128.780385,7615886.920467395,marquis energy - illinois llc,IL,['Natural Gas (Weighted U.S. Average)'],325193,Ethyl Alcohol Manufacturing,17155,SRMW,41.27697,-89.31724,Chemicals,0.065,30,0.0916,6.54,0.03,0.06,0.01,0.01,0.01,0.05
1005374,Scenario2,181349685.46340626,1227113483.927661,7615886.920467395,marquis energy - illinois llc,IL,['Natural Gas (Weighted U.S. Average)'],325193,Ethyl Alcohol Manufacturing,17155,SRMW,41.27697,-89.31724,Chemicals,0.065,30,0.0916,6.54,0.03,0.06,0.01,0.01,0.01,0.05
1005374,Scenario3,9667333.232780043,2008796515.902346,7615886.920467395,marquis energy - illinois llc,IL,['Natural Gas (Weighted U.S. Average)'],325193,Ethyl Alcohol Manufacturing,17155,SRMW,41.27697,-89.31724,Chemicals,0.065,30,0.0916,6.54,0.03,0.06,0.01,0.01,0.01,0.05
1005374,Scenario4,163214716.91706565,1104402135.5348954,7615886.920467395,marquis energy - illinois llc,IL,['Natural Gas (Weighted U.S. Average)'],325193,Ethyl Alcohol Manufacturing,17155,SRMW,41.27697,-89.31724,Chemicals,0.065,30,0.0916,6.54,0.03,0.06,0.01,0.01,0.01,0.05
1005758,Baseline,273516.46269375604,0,1750567.659253675,michigan sugar company - bay city,MI,"['Natural Gas (Weighted U.S. Average)', 'Anthracite', 'Coal Coke']",311313,Beet Sugar Manufacturing,26017,RFCM,43.57486,-83.91588,Food & Beverage,0.065,30,0.0827,7.57,0.03,0.06,0.01,0.01,0.01,0.05
1005758,Scenario1,2469008.546835937,513040737.0048701,1750567.659253675,michigan sugar company - bay city,MI,"['Natural Gas (Weighted U.S. Average)', 'Anthracite', 'Coal Coke']",311313,Beet Sugar Manufacturing,26017,RFCM,43.57486,-83.91588,Food & Beverage,0.065,30,0.0827,7.57,0.03,0.06,0.01,0.01,0.01,0.05
1005758,Scenario2,41684559.881645694,337824123.2108964,1750567.659253675,michigan sugar company - bay city,MI,"['Natural Gas (Weighted U.S. Average)', 'Anthracite', 'Coal Coke']",311313,Beet Sugar Manufacturing,26017,RFCM,43.57486,-83.91588,Food & Beverage,0.065,30,0.0827,7.57,0.03,0.06,0.01,0.01,0.01,0.05
1005758,Scenario3,2222107.6921523437,461736663.304383,1750567.659253675,michigan sugar company - bay city,MI,"['Natural Gas (Weighted U.S. Average)', 'Anthracite', 'Coal Coke']",311313,Beet Sugar Manufacturing,26017,RFCM,43.57486,-83.91588,Food & Beverage,0.065,30,0.0827,7.57,0.03,0.06,0.01,0.01,0.01,0.05
1005758,Scenario4,37516103.89348113,304041710.8898067,1750567.659253675,michigan sugar company - bay city,MI,"['Natural Gas (Weighted U.S. Average)', 'Anthracite', 'Coal Coke']",311313,Beet Sugar Manufacturing,26017,RFCM,43.57486,-83.91588,Food & Beverage,0.065,30,0.0827,7.57,0.03,0.06,0.01,0.01,0.01,0.05
1005838,Baseline,133068.1046071009,0,736735.5613471012,neenah paper michigan inc,MI,"['Bituminous', 'Natural Gas (Weighted U.S. Average)', 'Distillate Fuel Oil No. 2']",322120,Paper Mills,26003,MROE,46.4087,-86.6455,Pulp & Paper,0.065,30,0.0827,7.57,0.03,0.06,0.01,0.01,0.01,0.05
1005838,Scenario1,1039095.168991907,215915879.2710456,736735.5613471012,neenah paper michigan inc,MI,"['Bituminous', 'Natural Gas (Weighted U.S. Average)', 'Distillate Fuel Oil No. 2']",322120,Paper Mills,26003,MROE,46.4087,-86.6455,Pulp & Paper,0.065,30,0.0827,7.57,0.03,0.06,0.01,0.01,0.01,0.05
1005838,Scenario2,17543165.190772455,94766986.51284744,736735.5613471012,neenah paper michigan inc,MI,"['Bituminous', 'Natural Gas (Weighted U.S. Average)', 'Distillate Fuel Oil No. 2']",322120,Paper Mills,26003,MROE,46.4087,-86.6455,Pulp & Paper,0.065,30,0.0827,7.57,0.03,0.06,0.01,0.01,0.01,0.05
1005838,Scenario3,935185.6520927164,194324291.3439411,736735.5613471012,neenah paper michigan inc,MI,"['Bituminous', 'Natural Gas (Weighted U.S. Average)', 'Distillate Fuel Oil No. 2']",322120,Paper Mills,26003,MROE,46.4087,-86.6455,Pulp & Paper,0.065,30,0.0827,7.57,0.03,0.06,0.01,0.01,0.01,0.05
1005838,Scenario4,15788848.67169521,85290287.8615627,736735.5613471012,neenah paper michigan inc,MI,"['Bituminous', 'Natural Gas (Weighted U.S. Average)', 'Distillate Fuel Oil No. 2']",322120,Paper Mills,26003,MROE,46.4087,-86.6455,Pulp & Paper,0.065,30,0.0827,7.57,0.03,0.06,0.01,0.01,0.01,0.05
1006063,Baseline,237536.88889449777,0,1477754.994346024,cargill salt saint clair,MI,['Natural Gas (Weighted U.S. Average)'],311942,Spice and Extract Manufacturing,26147,RFCM,42.8184,-82.4858,Food & Beverage,0.065,30,0.0827,7.57,0.03,0.06,0.01,0.01,0.01,0.05
1006063,Scenario1,2084232.329943384,433087237.3908331,1477754.994346024,cargill salt saint clair,MI,['Natural Gas (Weighted U.S. Average)'],311942,Spice and Extract Manufacturing,26147,RFCM,42.8184,-82.4858,Food & Beverage,0.065,30,0.0827,7.57,0.03,0.06,0.01,0.01,0.01,0.05
1006063,Scenario2,35188338.03800518,266498488.41078514,1477754.994346024,cargill salt saint clair,MI,['Natural Gas (Weighted U.S. Average)'],311942,Spice and Extract Manufacturing,26147,RFCM,42.8184,-82.4858,Food & Beverage,0.065,30,0.0827,7.57,0.03,0.06,0.01,0.01,0.01,0.05
1006063,Scenario3,1875809.0969490462,389778513.6517498,1477754.994346024,cargill salt saint clair,MI,['Natural Gas (Weighted U.S. Average)'],311942,Spice and Extract Manufacturing,26147,RFCM,42.8184,-82.4858,Food & Beverage,0.065,30,0.0827,7.57,0.03,0.06,0.01,0.01,0.01,0.05
1006063,Scenario4,31669504.234204672,239848639.56970665,1477754.994346024,cargill salt saint clair,MI,['Natural Gas (Weighted U.S. Average)'],311942,Spice and Extract Manufacturing,26147,RFCM,42.8184,-82.4858,Food & Beverage,0.065,30,0.0827,7.57,0.03,0.06,0.01,0.01,0.01,0.05
1006312,Baseline,139265.71824336448,0,778143.4822701593,michigan sugar co - caro factory,MI,"['Natural Gas (Weighted U.S. Average)', 'Anthracite', 'Coal Coke']",311313,Beet Sugar Manufacturing,26157,RFCM,43.4807,-83.3963,Food & Beverage,0.065,30,0.0827,7.57,0.03,0.06,0.01,0.01,0.01,0.05
1006312,Scenario1,1097497.0880067502,228051342.9624416,778143.4822701593,michigan sugar co - caro factory,MI,"['Natural Gas (Weighted U.S. Average)', 'Anthracite', 'Coal Coke']",311313,Beet Sugar Manufacturing,26157,RFCM,43.4807,-83.3963,Food & Beverage,0.065,30,0.0827,7.57,0.03,0.06,0.01,0.01,0.01,0.05
1006312,Scenario2,18529171.61569838,150165940.88243508,778143.4822701593,michigan sugar co - caro factory,MI,"['Natural Gas (Weighted U.S. Average)', 'Anthracite', 'Coal Coke']",311313,Beet Sugar Manufacturing,26157,RFCM,43.4807,-83.3963,Food & Beverage,0.065,30,0.0827,7.57,0.03,0.06,0.01,0.01,0.01,0.05
1006312,Scenario3,987747.3792060753,205246208.6661975,778143.4822701593,michigan sugar co - caro factory,MI,"['Natural Gas (Weighted U.S. Average)', 'Anthracite', 'Coal Coke']",311313,Beet Sugar Manufacturing,26157,RFCM,43.4807,-83.3963,Food & Beverage,0.065,30,0.0827,7.57,0.03,0.06,0.01,0.01,0.01,0.05
1006312,Scenario4,16676254.454128543,135149346.79419166,778143.4822701593,michigan sugar co - caro factory,MI,"['Natural Gas (Weighted U.S. Average)', 'Anthracite', 'Coal Coke']",311313,Beet Sugar Manufacturing,26157,RFCM,43.4807,-83.3963,Food & Beverage,0.065,30,0.0827,7.57,0.03,0.06,0.01,0.01,0.01,0.05
1006343,Baseline,183101.77049178214,0,1080986.896029099,michigan sugar company - sebewaing factory,MI,"['Natural Gas (Weighted U.S. Average)', 'Bituminous', 'Anthracite']",311313,Beet Sugar Manufacturing,26063,RFCM,43.741,-83.4483,Food & Beverage,0.065,30,0.0827,7.57,0.03,0.06,0.01,0.01,0.01,0.05
1006343,Scenario1,1524628.808949529,316805986.2752268,1080986.896029099,michigan sugar company - sebewaing factory,MI,"['Natural Gas (Weighted U.S. Average)', 'Bituminous', 'Anthracite']",311313,Beet Sugar Manufacturing,26063,RFCM,43.741,-83.4483,Food & Beverage,0.065,30,0.0827,7.57,0.03,0.06,0.01,0.01,0.01,0.05
1006343,Scenario2,25740486.384862177,208608589.57556,1080986.896029099,michigan sugar company - sebewaing factory,MI,"['Natural Gas (Weighted U.S. Average)', 'Bituminous', 'Anthracite']",311313,Beet Sugar Manufacturing,26063,RFCM,43.741,-83.4483,Food & Beverage,0.065,30,0.0827,7.57,0.03,0.06,0.01,0.01,0.01,0.05
1006343,Scenario3,1372165.9280545763,285125387.6477042,1080986.896029099,michigan sugar company - sebewaing factory,MI,"['Natural Gas (Weighted U.S. Average)', 'Bituminous', 'Anthracite']",311313,Beet Sugar Manufacturing,26063,RFCM,43.741,-83.4483,Food & Beverage,0.065,30,0.0827,7.57,0.03,0.06,0.01,0.01,0.01,0.05
1006343,Scenario4,23166437.746375967,187747730.61800405,1080986.896029099,michigan sugar company - sebewaing factory,MI,"['Natural Gas (Weighted U.S. Average)', 'Bituminous', 'Anthracite']",311313,Beet Sugar Manufacturing,26063,RFCM,43.741,-83.4483,Food & Beverage,0.065,30,0.0827,7.57,0.03,0.06,0.01,0.01,0.01,0.05
1006367,Baseline,351212.11509925243,0,2363809.943917513,packaging corporation of america,MI,"['Natural Gas (Weighted U.S. Average)', 'Tires', 'Wood and Wood Residuals (dry basis)', nan, 'Other Biomass Gases', 'Propane']",322130,Paperboard Mills,26101,RFCM,44.2143,-86.2847,Pulp & Paper,0.065,30,0.0827,7.57,0.03,0.06,0.01,0.01,0.01,0.05
1006367,Scenario1,3333928.2396638757,692764309.5405456,2363809.943917513,packaging corporation of america,MI,"['Natural Gas (Weighted U.S. Average)', 'Tires', 'Wood and Wood Residuals (dry basis)', nan, 'Other Biomass Gases', 'Propane']",322130,Paperboard Mills,26101,RFCM,44.2143,-86.2847,Pulp & Paper,0.065,30,0.0827,7.57,0.03,0.06,0.01,0.01,0.01,0.05
1006367,Scenario2,56287100.15016933,513861464.3402426,2363809.943917513,packaging corporation of america,MI,"['Natural Gas (Weighted U.S. Average)', 'Tires', 'Wood and Wood Residuals (dry basis)', nan, 'Other Biomass Gases', 'Propane']",322130,Paperboard Mills,26101,RFCM,44.2143,-86.2847,Pulp & Paper,0.065,30,0.0827,7.57,0.03,0.06,0.01,0.01,0.01,0.05
1006367,Scenario3,3000535.4156974875,623487878.586491,2363809.943917513,packaging corporation of america,MI,"['Natural Gas (Weighted U.S. Average)', 'Tires', 'Wood and Wood Residuals (dry basis)', nan, 'Other Biomass Gases', 'Propane']",322130,Paperboard Mills,26101,RFCM,44.2143,-86.2847,Pulp & Paper,0.065,30,0.0827,7.57,0.03,0.06,0.01,0.01,0.01,0.05
1006367,Scenario4,50658390.13515239,462475317.9062184,2363809.943917513,packaging corporation of america,MI,"['Natural Gas (Weighted U.S. Average)', 'Tires', 'Wood and Wood Residuals (dry basis)', nan, 'Other Biomass Gases', 'Propane']",322130,Paperboard Mills,26101,RFCM,44.2143,-86.2847,Pulp & Paper,0.065,30,0.0827,7.57,0.03,0.06,0.01,0.01,0.01,0.05
1006469,Baseline,395557.64262889826,0,2726735.01696193,patriot renewable fuels llc,IL,"['Natural Gas (Weighted U.S. Average)', 'Other Biomass Gases']",325193,Ethyl Alcohol Manufacturing,17073,SRMW,41.393398,-89.872214,Chemicals,0.065,30,0.0916,6.54,0.03,0.06,0.01,0.01,0.01,0.05
1006469,Scenario1,3845799.4046948496,799127149.0275011,2726735.01696193,patriot renewable fuels llc,IL,"['Natural Gas (Weighted U.S. Average)', 'Other Biomass Gases']",325193,Ethyl Alcohol Manufacturing,17073,SRMW,41.393398,-89.872214,Chemicals,0.065,30,0.0916,6.54,0.03,0.06,0.01,0.01,0.01,0.05
1006469,Scenario2,64929080.85848446,439346505.7128706,2726735.01696193,patriot renewable fuels llc,IL,"['Natural Gas (Weighted U.S. Average)', 'Other Biomass Gases']",325193,Ethyl Alcohol Manufacturing,17073,SRMW,41.393398,-89.872214,Chemicals,0.065,30,0.0916,6.54,0.03,0.06,0.01,0.01,0.01,0.05
1006469,Scenario3,3461219.4642253644,719214434.124751,2726735.01696193,patriot renewable fuels llc,IL,"['Natural Gas (Weighted U.S. Average)', 'Other Biomass Gases']",325193,Ethyl Alcohol Manufacturing,17073,SRMW,41.393398,-89.872214,Chemicals,0.065,30,0.0916,6.54,0.03,0.06,0.01,0.01,0.01,0.05
1006469,Scenario4,58436172.77263601,395411855.1415835,2726735.01696193,patriot renewable fuels llc,IL,"['Natural Gas (Weighted U.S. Average)', 'Other Biomass Gases']",325193,Ethyl Alcohol Manufacturing,17073,SRMW,41.393398,-89.872214,Chemicals,0.065,30,0.0916,6.54,0.03,0.06,0.01,0.01,0.01,0.05
1006787,Baseline,378097.1744382467,0,2582805.880135695,big river resources galva llc,IL,['Natural Gas (Weighted U.S. Average)'],325193,Ethyl Alcohol Manufacturing,17073,SRMW,41.169691,-90.024473,Chemicals,0.065,30,0.0916,6.54,0.03,0.06,0.01,0.01,0.01,0.05
1006787,Scenario1,3642801.098925739,756945682.8936601,2582805.880135695,big river resources galva llc,IL,['Natural Gas (Weighted U.S. Average)'],325193,Ethyl Alcohol Manufacturing,17073,SRMW,41.169691,-90.024473,Chemicals,0.065,30,0.0916,6.54,0.03,0.06,0.01,0.01,0.01,0.05
1006787,Scenario2,61501836.73510988,416155853.5440614,2582805.880135695,big river resources galva llc,IL,['Natural Gas (Weighted U.S. Average)'],325193,Ethyl Alcohol Manufacturing,17073,SRMW,41.169691,-90.024473,Chemicals,0.065,30,0.0916,6.54,0.03,0.06,0.01,0.01,0.01,0.05
1006787,Scenario3,3278520.9890331654,681251114.6042941,2582805.880135695,big river resources galva llc,IL,['Natural Gas (Weighted U.S. Average)'],325193,Ethyl Alcohol Manufacturing,17073,SRMW,41.169691,-90.024473,Chemicals,0.065,30,0.0916,6.54,0.03,0.06,0.01,0.01,0.01,0.05
1006787,Scenario4,55351653.0615989,374540268.1896553,2582805.880135695,big river resources galva llc,IL,['Natural Gas (Weighted U.S. Average)'],325193,Ethyl Alcohol Manufacturing,17073,SRMW,41.169691,-90.024473,Chemicals,0.065,30,0.0916,6.54,0.03,0.06,0.01,0.01,0.01,0.05
1007603,Baseline,51851.76094442969,0,237491.1421032793,fibrek,MI,['Natural Gas (Weighted U.S. Average)'],322110,Pulp Mills,26109,MROE,45.108,-87.607,Pulp & Paper,0.065,30,0.0827,7.57,0.03,0.06,0.01,0.01,0.01,0.05
1007603,Scenario1,334958.58132145123,69601783.13173012,237491.1421032793,fibrek,MI,['Natural Gas (Weighted U.S. Average)'],322110,Pulp Mills,26109,MROE,45.108,-87.607,Pulp & Paper,0.065,30,0.0827,7.57,0.03,0.06,0.01,0.01,0.01,0.05
1007603,Scenario2,5655144.879453072,30548708.439524762,237491.1421032793,fibrek,MI,['Natural Gas (Weighted U.S. Average)'],322110,Pulp Mills,26109,MROE,45.108,-87.607,Pulp & Paper,0.065,30,0.0827,7.57,0.03,0.06,0.01,0.01,0.01,0.05
1007603,Scenario3,301462.72318930615,62641604.81855711,237491.1421032793,fibrek,MI,['Natural Gas (Weighted U.S. Average)'],322110,Pulp Mills,26109,MROE,45.108,-87.607,Pulp & Paper,0.065,30,0.0827,7.57,0.03,0.06,0.01,0.01,0.01,0.05
1007603,Scenario4,5089630.391507766,27493837.595572285,237491.1421032793,fibrek,MI,['Natural Gas (Weighted U.S. Average)'],322110,Pulp Mills,26109,MROE,45.108,-87.607,Pulp & Paper,0.065,30,0.0827,7.57,0.03,0.06,0.01,0.01,0.01,0.05
1007871,Baseline,136339.22223180791,0,758543.5356200528,"westrock california, llc",MI,['Natural Gas (Weighted U.S. Average)'],322130,Paperboard Mills,26025,RFCM,42.32335,-85.20758,Pulp & Paper,0.065,30,0.0827,7.57,0.03,0.06,0.01,0.01,0.01,0.05
1007871,Scenario1,1069853.2345739314,222307165.625752,758543.5356200528,"westrock california, llc",MI,['Natural Gas (Weighted U.S. Average)'],322130,Paperboard Mills,26025,RFCM,42.32335,-85.20758,Pulp & Paper,0.065,30,0.0827,7.57,0.03,0.06,0.01,0.01,0.01,0.05
1007871,Scenario2,18062457.207092352,97572166.70534208,758543.5356200528,"westrock california, llc",MI,['Natural Gas (Weighted U.S. Average)'],322130,Paperboard Mills,26025,RFCM,42.32335,-85.20758,Pulp & Paper,0.065,30,0.0827,7.57,0.03,0.06,0.01,0.01,0.01,0.05
1007871,Scenario3,962867.9111165383,200076449.0631768,758543.5356200528,"westrock california, llc",MI,['Natural Gas (Weighted U.S. Average)'],322130,Paperboard Mills,26025,RFCM,42.32335,-85.20758,Pulp & Paper,0.065,30,0.0827,7.57,0.03,0.06,0.01,0.01,0.01,0.05
1007871,Scenario4,16256211.486383116,87814950.03480789,758543.5356200528,"westrock california, llc",MI,['Natural Gas (Weighted U.S. Average)'],322130,Paperboard Mills,26025,RFCM,42.32335,-85.20758,Pulp & Paper,0.065,30,0.0827,7.57,0.03,0.06,0.01,0.01,0.01,0.05
1007933,Baseline,442373.0131926444,0,3118860.158311346,the andersons marathon holdings llc,MI,['Natural Gas (Weighted U.S. Average)'],325193,Ethyl Alcohol Manufacturing,26025,RFCM,42.259646,-84.789726,Chemicals,0.065,30,0.0827,7.57,0.03,0.06,0.01,0.01,0.01,0.05
1007933,Scenario1,4398854.478175251,914047683.7766755,3118860.158311346,the andersons marathon holdings llc,MI,['Natural Gas (Weighted U.S. Average)'],325193,Ethyl Alcohol Manufacturing,26025,RFCM,42.259646,-84.789726,Chemicals,0.065,30,0.0827,7.57,0.03,0.06,0.01,0.01,0.01,0.05
1007933,Scenario2,74266374.30685487,502527859.8167176,3118860.158311346,the andersons marathon holdings llc,MI,['Natural Gas (Weighted U.S. Average)'],325193,Ethyl Alcohol Manufacturing,26025,RFCM,42.259646,-84.789726,Chemicals,0.065,30,0.0827,7.57,0.03,0.06,0.01,0.01,0.01,0.05
1007933,Scenario3,3958969.030357726,822642915.3990079,3118860.158311346,the andersons marathon holdings llc,MI,['Natural Gas (Weighted U.S. Average)'],325193,Ethyl Alcohol Manufacturing,26025,RFCM,42.259646,-84.789726,Chemicals,0.065,30,0.0827,7.57,0.03,0.06,0.01,0.01,0.01,0.05
1007933,Scenario4,66839736.8761694,452275073.8350458,3118860.158311346,the andersons marathon holdings llc,MI,['Natural Gas (Weighted U.S. Average)'],325193,Ethyl Alcohol Manufacturing,26025,RFCM,42.259646,-84.789726,Chemicals,0.065,30,0.0827,7.57,0.03,0.06,0.01,0.01,0.01,0.05
1009702,Baseline,112995.86223411004,0,605358.4621183565,cargill salt,MI,['Natural Gas (Weighted U.S. Average)'],311942,Spice and Extract Manufacturing,26133,RFCM,43.834338,-85.354062,Food & Beverage,0.065,30,0.0827,7.57,0.03,0.06,0.01,0.01,0.01,0.05
1009702,Scenario1,853800.3138404221,177413052.2265812,605358.4621183565,cargill salt,MI,['Natural Gas (Weighted U.S. Average)'],311942,Spice and Extract Manufacturing,26133,RFCM,43.834338,-85.354062,Food & Beverage,0.065,30,0.0827,7.57,0.03,0.06,0.01,0.01,0.01,0.05
1009702,Scenario2,14414810.493409721,109170407.6240422,605358.4621183565,cargill salt,MI,['Natural Gas (Weighted U.S. Average)'],311942,Spice and Extract Manufacturing,26133,RFCM,43.834338,-85.354062,Food & Beverage,0.065,30,0.0827,7.57,0.03,0.06,0.01,0.01,0.01,0.05
1009702,Scenario3,768420.2824563798,159671747.0039231,605358.4621183565,cargill salt,MI,['Natural Gas (Weighted U.S. Average)'],311942,Spice and Extract Manufacturing,26133,RFCM,43.834338,-85.354062,Food & Beverage,0.065,30,0.0827,7.57,0.03,0.06,0.01,0.01,0.01,0.05
1009702,Scenario4,12973329.444068752,98253366.86163796,605358.4621183565,cargill salt,MI,['Natural Gas (Weighted U.S. Average)'],311942,Spice and Extract Manufacturing,26133,RFCM,43.834338,-85.354062,Food & Beverage,0.065,30,0.0827,7.57,0.03,0.06,0.01,0.01,0.01,0.05
1012111,Baseline,90709.47189200742,0,464949.8680738786,smithfield farmland corp-monmouth,IL,['Natural Gas (Weighted U.S. Average)'],311611,Animal (except Poultry) Slaughtering,17187,SRMW,40.92801,-90.64194,Food & Beverage,0.065,30,0.0916,6.54,0.03,0.06,0.01,0.01,0.01,0.05
1012111,Scenario1,655767.3975389577,136263355.3327704,464949.8680738786,smithfield farmland corp-monmouth,IL,['Natural Gas (Weighted U.S. Average)'],311611,Animal (except Poultry) Slaughtering,17187,SRMW,40.92801,-90.64194,Food & Beverage,0.065,30,0.0916,6.54,0.03,0.06,0.01,0.01,0.01,0.05
1012111,Scenario2,11071397.620787596,81449544.71118163,464949.8680738786,smithfield farmland corp-monmouth,IL,['Natural Gas (Weighted U.S. Average)'],311611,Animal (except Poultry) Slaughtering,17187,SRMW,40.92801,-90.64194,Food & Beverage,0.065,30,0.0916,6.54,0.03,0.06,0.01,0.01,0.01,0.05
1012111,Scenario3,590190.657785062,122637019.7994934,464949.8680738786,smithfield farmland corp-monmouth,IL,['Natural Gas (Weighted U.S. Average)'],311611,Animal (except Poultry) Slaughtering,17187,SRMW,40.92801,-90.64194,Food & Beverage,0.065,30,0.0916,6.54,0.03,0.06,0.01,0.01,0.01,0.05
1012111,Scenario4,9964257.858708842,73304590.24006346,464949.8680738786,smithfield farmland corp-monmouth,IL,['Natural Gas (Weighted U.S. Average)'],311611,Animal (except Poultry) Slaughtering,17187,SRMW,40.92801,-90.64194,Food & Beverage,0.065,30,0.0916,6.54,0.03,0.06,0.01,0.01,0.01,0.05
1013961,Baseline,128897.9360254957,0,709090.0866943083,zfs ithaca llc,MI,['Natural Gas (Weighted U.S. Average)'],311224,Soybean and Other Oilseed Processing,26057,RFCM,43.29166,-84.5743,Food & Beverage,0.065,30,0.0827,7.57,0.03,0.06,0.01,0.01,0.01,0.05
1013961,Scenario1,1000103.8664631136,207813790.4338937,709090.0866943083,zfs ithaca llc,MI,['Natural Gas (Weighted U.S. Average)'],311224,Soybean and Other Oilseed Processing,26057,RFCM,43.29166,-84.5743,Food & Beverage,0.065,30,0.0827,7.57,0.03,0.06,0.01,0.01,0.01,0.05
1013961,Scenario2,16884870.47275386,108598925.72587235,709090.0866943083,zfs ithaca llc,MI,['Natural Gas (Weighted U.S. Average)'],311224,Soybean and Other Oilseed Processing,26057,RFCM,43.29166,-84.5743,Food & Beverage,0.065,30,0.0827,7.57,0.03,0.06,0.01,0.01,0.01,0.05
1013961,Scenario3,900093.4798168023,187032411.3905043,709090.0866943083,zfs ithaca llc,MI,['Natural Gas (Weighted U.S. Average)'],311224,Soybean and Other Oilseed Processing,26057,RFCM,43.29166,-84.5743,Food & Beverage,0.065,30,0.0827,7.57,0.03,0.06,0.01,0.01,0.01,0.05
1013961,Scenario4,15196383.425478477,97739033.15328515,709090.0866943083,zfs ithaca llc,MI,['Natural Gas (Weighted U.S. Average)'],311224,Soybean and Other Oilseed Processing,26057,RFCM,43.29166,-84.5743,Food & Beverage,0.065,30,0.0827,7.57,0.03,0.06,0.01,0.01,0.01,0.05
