"state","policy_label","tech_clean","naics_description","mean_lcoh_delta","total_emissions","elec_to_ng_ratio_low","elec_to_ng_ratio_high"
"MN","Capex: -0%, Elec: -50%","Scenario1","Ethyl Alcohol Manufacturing",6.2004641338189,3417749.18272885,4.245701207139,5.09644912743735
"MN","Capex: -100%, Elec: -0%","Scenario1","Ethyl Alcohol Manufacturing",20.0110951386933,3417749.18272885,4.245701207139,5.09644912743735
"MN","Capex: -50%, Elec: -0%","Scenario1","Ethyl Alcohol Manufacturing",20.0650977241976,3417749.18272885,4.245701207139,5.09644912743735
"MN","Capex: -50%, Elec: -50%","Scenario1","Ethyl Alcohol Manufacturing",6.14646154831455,3417749.18272885,4.245701207139,5.09644912743735
"MN","No Policy","Scenario1","Ethyl Alcohol Manufacturing",20.119100309702,3417749.18272885,4.245701207139,5.09644912743735
"IL","Capex: -0%, Elec: -50%","Scenario1","Ethyl Alcohol Manufacturing",3.77859049581485,3197136.56338082,2.94622214222868,4.60646927226498
"IL","Capex: -100%, Elec: -0%","Scenario1","Ethyl Alcohol Manufacturing",15.5786406885207,3197136.56338082,2.94622214222868,4.60646927226498
"IL","Capex: -50%, Elec: -0%","Scenario1","Ethyl Alcohol Manufacturing",15.632643274025,3197136.56338082,2.94622214222868,4.60646927226498
"IL","Capex: -50%, Elec: -50%","Scenario1","Ethyl Alcohol Manufacturing",3.7245879103105,3197136.56338082,2.94622214222868,4.60646927226498
"IL","No Policy","Scenario1","Ethyl Alcohol Manufacturing",15.6866458595294,3197136.56338082,2.94622214222868,4.60646927226498
"MN","Capex: -0%, Elec: -50%","Scenario3","Ethyl Alcohol Manufacturing",4.79638959460535,3075974.26445596,4.245701207139,5.09644912743735
"MN","Capex: -100%, Elec: -0%","Scenario3","Ethyl Alcohol Manufacturing",17.2259574989923,3075974.26445596,4.245701207139,5.09644912743735
"MN","Capex: -50%, Elec: -0%","Scenario3","Ethyl Alcohol Manufacturing",17.2745598259462,3075974.26445596,4.245701207139,5.09644912743735
"MN","Capex: -50%, Elec: -50%","Scenario3","Ethyl Alcohol Manufacturing",4.74778726765144,3075974.26445596,4.245701207139,5.09644912743735
"MN","No Policy","Scenario3","Ethyl Alcohol Manufacturing",17.3231621529001,3075974.26445596,4.245701207139,5.09644912743735
"IL","Capex: -0%, Elec: -50%","Scenario1","Wet Corn Milling and Starch Manufacturing",3.80244712157041,2987367.05072559,2.94622214222868,4.60646927226498
"IL","Capex: -100%, Elec: -0%","Scenario1","Wet Corn Milling and Starch Manufacturing",15.6024973142762,2987367.05072559,2.94622214222868,4.60646927226498
"IL","Capex: -50%, Elec: -0%","Scenario1","Wet Corn Milling and Starch Manufacturing",15.6564998997806,2987367.05072559,2.94622214222868,4.60646927226498
"IL","Capex: -50%, Elec: -50%","Scenario1","Wet Corn Milling and Starch Manufacturing",3.74844453606606,2987367.05072559,2.94622214222868,4.60646927226498
"IL","No Policy","Scenario1","Wet Corn Milling and Starch Manufacturing",15.7105024852849,2987367.05072559,2.94622214222868,4.60646927226498
"IL","Capex: -0%, Elec: -50%","Scenario3","Ethyl Alcohol Manufacturing",2.57557392729068,2877459.70704273,2.94622214222868,4.60646927226498
"IL","Capex: -100%, Elec: -0%","Scenario3","Ethyl Alcohol Manufacturing",13.1956191007259,2877459.70704273,2.94622214222868,4.60646927226498
"IL","Capex: -50%, Elec: -0%","Scenario3","Ethyl Alcohol Manufacturing",13.2442214276798,2877459.70704273,2.94622214222868,4.60646927226498
"IL","Capex: -50%, Elec: -50%","Scenario3","Ethyl Alcohol Manufacturing",2.52697160033676,2877459.70704273,2.94622214222868,4.60646927226498
"IL","No Policy","Scenario3","Ethyl Alcohol Manufacturing",13.2928237546337,2877459.70704273,2.94622214222868,4.60646927226498
"IL","Capex: -0%, Elec: -50%","Scenario3","Wet Corn Milling and Starch Manufacturing",2.59942954415701,2690734.33565303,2.94622214222868,4.60646927226498
"IL","Capex: -100%, Elec: -0%","Scenario3","Wet Corn Milling and Starch Manufacturing",13.2194747175922,2690734.33565303,2.94622214222868,4.60646927226498
"IL","Capex: -50%, Elec: -0%","Scenario3","Wet Corn Milling and Starch Manufacturing",13.2680770445462,2690734.33565303,2.94622214222868,4.60646927226498
"IL","Capex: -50%, Elec: -50%","Scenario3","Wet Corn Milling and Starch Manufacturing",2.5508272172031,2690734.33565303,2.94622214222868,4.60646927226498
"IL","No Policy","Scenario3","Wet Corn Milling and Starch Manufacturing",13.3166793715001,2690734.33565303,2.94622214222868,4.60646927226498
"MN","Capex: -0%, Elec: -50%","Scenario2","Ethyl Alcohol Manufacturing",2.11000665141165,1879020.33194878,4.245701207139,5.09644912743735
"MN","Capex: -100%, Elec: -0%","Scenario2","Ethyl Alcohol Manufacturing",7.95544316202316,1879020.33194878,4.245701207139,5.09644912743735
"MN","Capex: -50%, Elec: -0%","Scenario2","Ethyl Alcohol Manufacturing",8.8671751250836,1879020.33194878,4.245701207139,5.09644912743735
"MN","Capex: -50%, Elec: -50%","Scenario2","Ethyl Alcohol Manufacturing",1.19827468835121,1879020.33194878,4.245701207139,5.09644912743735
"MN","No Policy","Scenario2","Ethyl Alcohol Manufacturing",9.77890708814403,1879020.33194878,4.245701207139,5.09644912743735
"IL","Capex: -0%, Elec: -50%","Scenario2","Wet Corn Milling and Starch Manufacturing",1.25132726399927,1805726.77419685,2.94622214222868,4.60646927226498
"IL","Capex: -100%, Elec: -0%","Scenario2","Wet Corn Milling and Starch Manufacturing",6.62552723200016,1805726.77419685,2.94622214222868,4.60646927226498
"IL","Capex: -50%, Elec: -0%","Scenario2","Wet Corn Milling and Starch Manufacturing",7.53725919506059,1805726.77419685,2.94622214222868,4.60646927226498
"IL","Capex: -50%, Elec: -50%","Scenario2","Wet Corn Milling and Starch Manufacturing",0.339595300938839,1805726.77419685,2.94622214222868,4.60646927226498
"IL","No Policy","Scenario2","Wet Corn Milling and Starch Manufacturing",8.44899115812102,1805726.77419685,2.94622214222868,4.60646927226498
"IL","Capex: -0%, Elec: -50%","Scenario2","Ethyl Alcohol Manufacturing",0.611087936670963,1757896.94843244,2.94622214222868,4.60646927226498
"IL","Capex: -100%, Elec: -0%","Scenario2","Ethyl Alcohol Manufacturing",5.36889937290904,1757896.94843244,2.94622214222868,4.60646927226498
"IL","Capex: -50%, Elec: -0%","Scenario2","Ethyl Alcohol Manufacturing",6.28063133596947,1757896.94843244,2.94622214222868,4.60646927226498
"IL","Capex: -50%, Elec: -50%","Scenario2","Ethyl Alcohol Manufacturing",-0.30064402638947,1757896.94843244,2.94622214222868,4.60646927226498
"IL","No Policy","Scenario2","Ethyl Alcohol Manufacturing",7.1923632990299,1757896.94843244,2.94622214222868,4.60646927226498
"MN","Capex: -0%, Elec: -50%","Scenario4","Ethyl Alcohol Manufacturing",1.11497786043882,1691118.2987539,4.245701207139,5.09644912743735
"MN","Capex: -100%, Elec: -0%","Scenario4","Ethyl Alcohol Manufacturing",6.37587071998919,1691118.2987539,4.245701207139,5.09644912743735
"MN","Capex: -50%, Elec: -0%","Scenario4","Ethyl Alcohol Manufacturing",7.19642948674358,1691118.2987539,4.245701207139,5.09644912743735
"MN","Capex: -50%, Elec: -50%","Scenario4","Ethyl Alcohol Manufacturing",0.294419093684431,1691118.2987539,4.245701207139,5.09644912743735
"MN","No Policy","Scenario4","Ethyl Alcohol Manufacturing",8.01698825349797,1691118.2987539,4.245701207139,5.09644912743735
"IL","Capex: -0%, Elec: -50%","Scenario4","Wet Corn Milling and Starch Manufacturing",0.303420284880001,1627258.08677717,2.94622214222868,4.60646927226498
"IL","Capex: -100%, Elec: -0%","Scenario4","Wet Corn Milling and Starch Manufacturing",5.1402002560808,1627258.08677717,2.94622214222868,4.60646927226498
"IL","Capex: -50%, Elec: -0%","Scenario4","Wet Corn Milling and Starch Manufacturing",5.96075902283519,1627258.08677717,2.94622214222868,4.60646927226498
"IL","Capex: -50%, Elec: -50%","Scenario4","Wet Corn Milling and Starch Manufacturing",-0.517138481874389,1627258.08677717,2.94622214222868,4.60646927226498
"IL","No Policy","Scenario4","Wet Corn Milling and Starch Manufacturing",6.78131778958957,1627258.08677717,2.94622214222868,4.60646927226498
"IL","Capex: -0%, Elec: -50%","Scenario4","Ethyl Alcohol Manufacturing",-0.275178547862899,1582144.05358919,2.94622214222868,4.60646927226498
"IL","Capex: -100%, Elec: -0%","Scenario4","Ethyl Alcohol Manufacturing",4.00685174475137,1582144.05358919,2.94622214222868,4.60646927226498
"IL","Capex: -50%, Elec: -0%","Scenario4","Ethyl Alcohol Manufacturing",4.82741051150576,1582144.05358919,2.94622214222868,4.60646927226498
"IL","Capex: -50%, Elec: -50%","Scenario4","Ethyl Alcohol Manufacturing",-1.09573731461729,1582144.05358919,2.94622214222868,4.60646927226498
"IL","No Policy","Scenario4","Ethyl Alcohol Manufacturing",5.64796927826015,1582144.05358919,2.94622214222868,4.60646927226498
"WI","Capex: -0%, Elec: -50%","Scenario1","Ethyl Alcohol Manufacturing",5.47010717713473,1304193.10807361,4.13365248324973,5.00448307113784
"WI","Capex: -100%, Elec: -0%","Scenario1","Ethyl Alcohol Manufacturing",18.0515121713378,1304193.10807361,4.13365248324973,5.00448307113784
"WI","Capex: -50%, Elec: -0%","Scenario1","Ethyl Alcohol Manufacturing",18.1055147568422,1304193.10807361,4.13365248324973,5.00448307113784
"WI","Capex: -50%, Elec: -50%","Scenario1","Ethyl Alcohol Manufacturing",5.41610459163038,1304193.10807361,4.13365248324973,5.00448307113784
"WI","No Policy","Scenario1","Ethyl Alcohol Manufacturing",18.1595173423465,1304193.10807361,4.13365248324973,5.00448307113784
"WI","Capex: -0%, Elec: -50%","Scenario3","Ethyl Alcohol Manufacturing",4.18895524310216,1173774.21726625,4.13365248324973,5.00448307113784
"WI","Capex: -100%, Elec: -0%","Scenario3","Ethyl Alcohol Manufacturing",15.5122197378849,1173774.21726625,4.13365248324973,5.00448307113784
"WI","Capex: -50%, Elec: -0%","Scenario3","Ethyl Alcohol Manufacturing",15.5608220648388,1173774.21726625,4.13365248324973,5.00448307113784
"WI","Capex: -50%, Elec: -50%","Scenario3","Ethyl Alcohol Manufacturing",4.14035291614825,1173774.21726625,4.13365248324973,5.00448307113784
"WI","No Policy","Scenario3","Ethyl Alcohol Manufacturing",15.6094243917928,1173774.21726625,4.13365248324973,5.00448307113784
"WI","Capex: -0%, Elec: -50%","Scenario2","Ethyl Alcohol Manufacturing",1.93230199707572,717025.064888555,4.13365248324973,5.00448307113784
"WI","Capex: -100%, Elec: -0%","Scenario2","Ethyl Alcohol Manufacturing",7.10116476904483,717025.064888555,4.13365248324973,5.00448307113784
"WI","Capex: -50%, Elec: -0%","Scenario2","Ethyl Alcohol Manufacturing",8.01289673210526,717025.064888555,4.13365248324973,5.00448307113784
"WI","Capex: -50%, Elec: -50%","Scenario2","Ethyl Alcohol Manufacturing",1.02057003401528,717025.064888555,4.13365248324973,5.00448307113784
"WI","No Policy","Scenario2","Ethyl Alcohol Manufacturing",8.92462869516569,717025.064888555,4.13365248324973,5.00448307113784
"WI","Capex: -0%, Elec: -50%","Scenario4","Ethyl Alcohol Manufacturing",1.00493058744976,645322.978399699,4.13365248324973,5.00448307113784
"WI","Capex: -100%, Elec: -0%","Scenario4","Ethyl Alcohol Manufacturing",5.65690708222196,645322.978399699,4.13365248324973,5.00448307113784
"WI","Capex: -50%, Elec: -0%","Scenario4","Ethyl Alcohol Manufacturing",6.47746584897635,645322.978399699,4.13365248324973,5.00448307113784
"WI","Capex: -50%, Elec: -50%","Scenario4","Ethyl Alcohol Manufacturing",0.184371820695372,645322.978399699,4.13365248324973,5.00448307113784
"WI","No Policy","Scenario4","Ethyl Alcohol Manufacturing",7.29802461573074,645322.978399699,4.13365248324973,5.00448307113784
"MI","Capex: -0%, Elec: -50%","Scenario1","Ethyl Alcohol Manufacturing",2.96662501589866,593383.113468314,3.34655398814285,3.43731477934888
"MI","Capex: -100%, Elec: -0%","Scenario1","Ethyl Alcohol Manufacturing",15.2390197570854,593383.113468314,3.34655398814285,3.43731477934888
"MI","Capex: -50%, Elec: -0%","Scenario1","Ethyl Alcohol Manufacturing",15.2930223425898,593383.113468314,3.34655398814285,3.43731477934888
"MI","Capex: -50%, Elec: -50%","Scenario1","Ethyl Alcohol Manufacturing",2.91262243039432,593383.113468314,3.34655398814285,3.43731477934888
"MI","No Policy","Scenario1","Ethyl Alcohol Manufacturing",15.3470249280941,593383.113468314,3.34655398814285,3.43731477934888
"MI","Capex: -0%, Elec: -50%","Scenario3","Ethyl Alcohol Manufacturing",1.71637331020771,534064.642121483,3.34655398814285,3.43731477934888
"MI","Capex: -100%, Elec: -0%","Scenario3","Ethyl Alcohol Manufacturing",12.7615285772758,534064.642121483,3.34655398814285,3.43731477934888
"MI","Capex: -50%, Elec: -0%","Scenario3","Ethyl Alcohol Manufacturing",12.8101309042297,534064.642121483,3.34655398814285,3.43731477934888
"MI","Capex: -50%, Elec: -50%","Scenario3","Ethyl Alcohol Manufacturing",1.66777098325379,534064.642121483,3.34655398814285,3.43731477934888
"MI","No Policy","Scenario3","Ethyl Alcohol Manufacturing",12.8587332311836,534064.642121483,3.34655398814285,3.43731477934888
"CO","Capex: -0%, Elec: -50%","Scenario1","Breweries",2.81000372703157,466147.007893222,3.2164556691952,3.47075961684021
"CO","Capex: -100%, Elec: -0%","Scenario1","Breweries",14.9382512426355,466147.007893222,3.2164556691952,3.47075961684021
"CO","Capex: -50%, Elec: -0%","Scenario1","Breweries",14.9922538281399,466147.007893222,3.2164556691952,3.47075961684021
"CO","Capex: -50%, Elec: -50%","Scenario1","Breweries",2.75600114152722,466147.007893222,3.2164556691952,3.47075961684021
"CO","No Policy","Scenario1","Breweries",15.0462564136442,466147.007893222,3.2164556691952,3.47075961684021
"CO","Capex: -0%, Elec: -50%","Scenario3","Breweries",1.57416753674506,419532.3071039,3.2164556691952,3.47075961684021
"CO","Capex: -100%, Elec: -0%","Scenario3","Breweries",12.4895903007886,419532.3071039,3.2164556691952,3.47075961684021
"CO","Capex: -50%, Elec: -0%","Scenario3","Breweries",12.5381926277425,419532.3071039,3.2164556691952,3.47075961684021
"CO","Capex: -50%, Elec: -50%","Scenario3","Breweries",1.52556520979115,419532.3071039,3.2164556691952,3.47075961684021
"CO","No Policy","Scenario3","Breweries",12.5867949546965,419532.3071039,3.2164556691952,3.47075961684021
"MI","Capex: -0%, Elec: -50%","Scenario2","Ethyl Alcohol Manufacturing",-0.445790754241401,326321.259699796,3.34655398814285,3.43731477934888
"MI","Capex: -100%, Elec: -0%","Scenario2","Ethyl Alcohol Manufacturing",4.53945704691936,326321.259699796,3.34655398814285,3.43731477934888
"MI","Capex: -50%, Elec: -0%","Scenario2","Ethyl Alcohol Manufacturing",5.45118900997979,326321.259699796,3.34655398814285,3.43731477934888
"MI","Capex: -50%, Elec: -50%","Scenario2","Ethyl Alcohol Manufacturing",-1.35752271730183,326321.259699796,3.34655398814285,3.43731477934888
"MI","No Policy","Scenario2","Ethyl Alcohol Manufacturing",6.36292097304023,326321.259699796,3.34655398814285,3.43731477934888
"MN","Capex: -0%, Elec: -50%","Scenario1","Wet Corn Milling and Starch Manufacturing",6.21488624944423,308579.944413773,4.245701207139,5.09644912743735
"MN","Capex: -100%, Elec: -0%","Scenario1","Wet Corn Milling and Starch Manufacturing",20.0255172543186,308579.944413773,4.245701207139,5.09644912743735
"MN","Capex: -50%, Elec: -0%","Scenario1","Wet Corn Milling and Starch Manufacturing",20.0795198398229,308579.944413773,4.245701207139,5.09644912743735
"MN","Capex: -50%, Elec: -50%","Scenario1","Wet Corn Milling and Starch Manufacturing",6.16088366393988,308579.944413773,4.245701207139,5.09644912743735
"MN","No Policy","Scenario1","Wet Corn Milling and Starch Manufacturing",20.1335224253273,308579.944413773,4.245701207139,5.09644912743735
"MI","Capex: -0%, Elec: -50%","Scenario4","Ethyl Alcohol Manufacturing",-1.35480211554346,293708.973729817,3.34655398814285,3.43731477934888
"MI","Capex: -100%, Elec: -0%","Scenario4","Ethyl Alcohol Manufacturing",3.13192090550122,293708.973729817,3.34655398814285,3.43731477934888
"MI","Capex: -50%, Elec: -0%","Scenario4","Ethyl Alcohol Manufacturing",3.95247967225561,293708.973729817,3.34655398814285,3.43731477934888
"MI","Capex: -50%, Elec: -50%","Scenario4","Ethyl Alcohol Manufacturing",-2.17536088229785,293708.973729817,3.34655398814285,3.43731477934888
"MI","No Policy","Scenario4","Ethyl Alcohol Manufacturing",4.77303843901,293708.973729817,3.34655398814285,3.43731477934888
"MN","Capex: -0%, Elec: -50%","Scenario3","Wet Corn Milling and Starch Manufacturing",4.81081171023068,277939.749972396,4.245701207139,5.09644912743735
"MN","Capex: -100%, Elec: -0%","Scenario3","Wet Corn Milling and Starch Manufacturing",17.2403796146176,277939.749972396,4.245701207139,5.09644912743735
"MN","Capex: -50%, Elec: -0%","Scenario3","Wet Corn Milling and Starch Manufacturing",17.2889819415715,277939.749972396,4.245701207139,5.09644912743735
"MN","Capex: -50%, Elec: -50%","Scenario3","Wet Corn Milling and Starch Manufacturing",4.76220938327676,277939.749972396,4.245701207139,5.09644912743735
"MN","No Policy","Scenario3","Wet Corn Milling and Starch Manufacturing",17.3375842685254,277939.749972396,4.245701207139,5.09644912743735
"CO","Capex: -0%, Elec: -50%","Scenario1","Ethyl Alcohol Manufacturing",2.75327810078545,268602.185344763,3.2164556691952,3.47075961684021
"CO","Capex: -100%, Elec: -0%","Scenario1","Ethyl Alcohol Manufacturing",14.8815256163894,268602.185344763,3.2164556691952,3.47075961684021
"CO","Capex: -50%, Elec: -0%","Scenario1","Ethyl Alcohol Manufacturing",14.9355282018938,268602.185344763,3.2164556691952,3.47075961684021
"CO","Capex: -50%, Elec: -50%","Scenario1","Ethyl Alcohol Manufacturing",2.69927551528111,268602.185344763,3.2164556691952,3.47075961684021
"CO","No Policy","Scenario1","Ethyl Alcohol Manufacturing",14.9895307873981,268602.185344763,3.2164556691952,3.47075961684021
"CO","Capex: -0%, Elec: -50%","Scenario2","Breweries",-0.627387402717826,252704.31473783,3.2164556691952,3.47075961684021
"CO","Capex: -100%, Elec: -0%","Scenario2","Breweries",4.18873197128115,252704.31473783,3.2164556691952,3.47075961684021
"CO","Capex: -50%, Elec: -0%","Scenario2","Breweries",5.10046393434158,252704.31473783,3.2164556691952,3.47075961684021
"CO","Capex: -50%, Elec: -50%","Scenario2","Breweries",-1.53911936577826,252704.31473783,3.2164556691952,3.47075961684021
"CO","No Policy","Scenario2","Breweries",6.01219589740202,252704.31473783,3.2164556691952,3.47075961684021
"CO","Capex: -0%, Elec: -50%","Scenario3","Ethyl Alcohol Manufacturing",1.51744191049894,241741.966810286,3.2164556691952,3.47075961684021
"CO","Capex: -100%, Elec: -0%","Scenario3","Ethyl Alcohol Manufacturing",12.4328646745425,241741.966810286,3.2164556691952,3.47075961684021
"CO","Capex: -50%, Elec: -0%","Scenario3","Ethyl Alcohol Manufacturing",12.4814670014964,241741.966810286,3.2164556691952,3.47075961684021
"CO","Capex: -50%, Elec: -50%","Scenario3","Ethyl Alcohol Manufacturing",1.46883958354503,241741.966810286,3.2164556691952,3.47075961684021
"CO","No Policy","Scenario3","Ethyl Alcohol Manufacturing",12.5300693284503,241741.966810286,3.2164556691952,3.47075961684021
"CO","Capex: -0%, Elec: -50%","Scenario4","Breweries",-1.5194844800294,227433.883264047,3.2164556691952,3.47075961684021
"CO","Capex: -100%, Elec: -0%","Scenario4","Breweries",2.81502295656968,227433.883264047,3.2164556691952,3.47075961684021
"CO","Capex: -50%, Elec: -0%","Scenario4","Breweries",3.63558172332407,227433.883264047,3.2164556691952,3.47075961684021
"CO","Capex: -50%, Elec: -50%","Scenario4","Breweries",-2.34004324678379,227433.883264047,3.2164556691952,3.47075961684021
"CO","No Policy","Scenario4","Breweries",4.45614049007846,227433.883264047,3.2164556691952,3.47075961684021
"IL","Capex: -0%, Elec: -50%","Scenario1","Animal (except Poultry) Slaughtering",3.68806927522356,188713.255002776,2.94622214222868,4.60646927226498
"IL","Capex: -100%, Elec: -0%","Scenario1","Animal (except Poultry) Slaughtering",15.4881194679294,188713.255002776,2.94622214222868,4.60646927226498
"IL","Capex: -50%, Elec: -0%","Scenario1","Animal (except Poultry) Slaughtering",15.5421220534337,188713.255002776,2.94622214222868,4.60646927226498
"IL","Capex: -50%, Elec: -50%","Scenario1","Animal (except Poultry) Slaughtering",3.63406668971921,188713.255002776,2.94622214222868,4.60646927226498
"IL","No Policy","Scenario1","Animal (except Poultry) Slaughtering",15.5961246389381,188713.255002776,2.94622214222868,4.60646927226498
"MN","Capex: -0%, Elec: -50%","Scenario2","Wet Corn Milling and Starch Manufacturing",2.84573261992721,186524.331553448,4.245701207139,5.09644912743735
"MN","Capex: -100%, Elec: -0%","Scenario2","Wet Corn Milling and Starch Manufacturing",9.41247298342896,186524.331553448,4.245701207139,5.09644912743735
"MN","Capex: -50%, Elec: -0%","Scenario2","Wet Corn Milling and Starch Manufacturing",10.3242049464894,186524.331553448,4.245701207139,5.09644912743735
"MN","Capex: -50%, Elec: -50%","Scenario2","Wet Corn Milling and Starch Manufacturing",1.93400065686677,186524.331553448,4.245701207139,5.09644912743735
"MN","No Policy","Scenario2","Wet Corn Milling and Starch Manufacturing",11.2359369095498,186524.331553448,4.245701207139,5.09644912743735
"CO","Capex: -0%, Elec: -50%","Scenario1","Cheese Manufacturing",2.78707930524742,180612.886263658,3.2164556691952,3.47075961684021
"CO","Capex: -100%, Elec: -0%","Scenario1","Cheese Manufacturing",14.9153268208514,180612.886263658,3.2164556691952,3.47075961684021
"CO","Capex: -50%, Elec: -0%","Scenario1","Cheese Manufacturing",14.9693294063557,180612.886263658,3.2164556691952,3.47075961684021
"CO","Capex: -50%, Elec: -50%","Scenario1","Cheese Manufacturing",2.73307671974307,180612.886263658,3.2164556691952,3.47075961684021
"CO","No Policy","Scenario1","Cheese Manufacturing",15.0233319918601,180612.886263658,3.2164556691952,3.47075961684021
"CA","Capex: -0%, Elec: -50%","Scenario1","Cheese Manufacturing",15.9900887900936,174602.278558329,3.58757410155736,7.38184967439984
"CA","Capex: -100%, Elec: -0%","Scenario1","Cheese Manufacturing",45.9766044451511,174602.278558329,3.58757410155736,7.38184967439984
"CA","Capex: -50%, Elec: -0%","Scenario1","Cheese Manufacturing",46.0306070306554,174602.278558329,3.58757410155736,7.38184967439984
"CA","Capex: -50%, Elec: -50%","Scenario1","Cheese Manufacturing",15.9360862045892,174602.278558329,3.58757410155736,7.38184967439984
"CA","No Policy","Scenario1","Cheese Manufacturing",46.0846096161598,174602.278558329,3.58757410155736,7.38184967439984
"IL","Capex: -0%, Elec: -50%","Scenario3","Animal (except Poultry) Slaughtering",2.48506123494544,171337.169502499,2.94622214222868,4.60646927226498
"IL","Capex: -100%, Elec: -0%","Scenario3","Animal (except Poultry) Slaughtering",13.1051064083807,171337.169502499,2.94622214222868,4.60646927226498
"IL","Capex: -50%, Elec: -0%","Scenario3","Animal (except Poultry) Slaughtering",13.1537087353346,171337.169502499,2.94622214222868,4.60646927226498
"IL","Capex: -50%, Elec: -50%","Scenario3","Animal (except Poultry) Slaughtering",2.43645890799153,171337.169502499,2.94622214222868,4.60646927226498
"IL","No Policy","Scenario3","Animal (except Poultry) Slaughtering",13.2023110622885,171337.169502499,2.94622214222868,4.60646927226498
"MN","Capex: -0%, Elec: -50%","Scenario4","Wet Corn Milling and Starch Manufacturing",1.77857344366536,168089.698398103,4.245701207139,5.09644912743735
"MN","Capex: -100%, Elec: -0%","Scenario4","Wet Corn Milling and Starch Manufacturing",7.68863977081694,168089.698398103,4.245701207139,5.09644912743735
"MN","Capex: -50%, Elec: -0%","Scenario4","Wet Corn Milling and Starch Manufacturing",8.50919853757133,168089.698398103,4.245701207139,5.09644912743735
"MN","Capex: -50%, Elec: -50%","Scenario4","Wet Corn Milling and Starch Manufacturing",0.958014676910968,168089.698398103,4.245701207139,5.09644912743735
"MN","No Policy","Scenario4","Wet Corn Milling and Starch Manufacturing",9.32975730432572,168089.698398103,4.245701207139,5.09644912743735
"PA","Capex: -0%, Elec: -50%","Scenario1","Ethyl Alcohol Manufacturing",0.169150337698031,166021.571096317,2.06333682922532,3.14778090982423
"PA","Capex: -100%, Elec: -0%","Scenario1","Ethyl Alcohol Manufacturing",11.8452088280537,166021.571096317,2.06333682922532,3.14778090982423
"PA","Capex: -50%, Elec: -0%","Scenario1","Ethyl Alcohol Manufacturing",11.899211413558,166021.571096317,2.06333682922532,3.14778090982423
"PA","Capex: -50%, Elec: -50%","Scenario1","Ethyl Alcohol Manufacturing",0.115147752193682,166021.571096317,2.06333682922532,3.14778090982423
"PA","No Policy","Scenario1","Ethyl Alcohol Manufacturing",11.9532139990624,166021.571096317,2.06333682922532,3.14778090982423
"CO","Capex: -0%, Elec: -50%","Scenario1","Animal (except Poultry) Slaughtering",2.74763868142808,164219.960194857,3.2164556691952,3.47075961684021
"CO","Capex: -100%, Elec: -0%","Scenario1","Animal (except Poultry) Slaughtering",14.875886197032,164219.960194857,3.2164556691952,3.47075961684021
"CO","Capex: -50%, Elec: -0%","Scenario1","Animal (except Poultry) Slaughtering",14.9298887825364,164219.960194857,3.2164556691952,3.47075961684021
"CO","Capex: -50%, Elec: -50%","Scenario1","Animal (except Poultry) Slaughtering",2.69363609592374,164219.960194857,3.2164556691952,3.47075961684021
"CO","No Policy","Scenario1","Animal (except Poultry) Slaughtering",14.9838913680407,164219.960194857,3.2164556691952,3.47075961684021
"CO","Capex: -0%, Elec: -50%","Scenario3","Cheese Manufacturing",1.55124311496091,162589.867637292,3.2164556691952,3.47075961684021
"CO","Capex: -100%, Elec: -0%","Scenario3","Cheese Manufacturing",12.4666658790045,162589.867637292,3.2164556691952,3.47075961684021
"CO","Capex: -50%, Elec: -0%","Scenario3","Cheese Manufacturing",12.5152682059584,162589.867637292,3.2164556691952,3.47075961684021
"CO","Capex: -50%, Elec: -50%","Scenario3","Cheese Manufacturing",1.502640788007,162589.867637292,3.2164556691952,3.47075961684021
"CO","No Policy","Scenario3","Cheese Manufacturing",12.5638705329123,162589.867637292,3.2164556691952,3.47075961684021
"CA","Capex: -0%, Elec: -50%","Scenario3","Cheese Manufacturing",12.968445172009,157570.400702496,3.58757410155736,7.38184967439984
"CA","Capex: -100%, Elec: -0%","Scenario3","Cheese Manufacturing",39.9563092615608,157570.400702496,3.58757410155736,7.38184967439984
"CA","Capex: -50%, Elec: -0%","Scenario3","Cheese Manufacturing",40.0049115885147,157570.400702496,3.58757410155736,7.38184967439984
"CA","Capex: -50%, Elec: -50%","Scenario3","Cheese Manufacturing",12.9198428450551,157570.400702496,3.58757410155736,7.38184967439984
"CA","No Policy","Scenario3","Cheese Manufacturing",40.0535139154686,157570.400702496,3.58757410155736,7.38184967439984
"PA","Capex: -0%, Elec: -50%","Scenario3","Ethyl Alcohol Manufacturing",-1.02146695006365,149419.413986685,2.06333682922532,3.14778090982423
"PA","Capex: -100%, Elec: -0%","Scenario3","Ethyl Alcohol Manufacturing",9.48698569125644,149419.413986685,2.06333682922532,3.14778090982423
"PA","Capex: -50%, Elec: -0%","Scenario3","Ethyl Alcohol Manufacturing",9.53558801821035,149419.413986685,2.06333682922532,3.14778090982423
"PA","Capex: -50%, Elec: -50%","Scenario3","Ethyl Alcohol Manufacturing",-1.07006927701756,149419.413986685,2.06333682922532,3.14778090982423
"PA","No Policy","Scenario3","Ethyl Alcohol Manufacturing",9.58419034516427,149419.413986685,2.06333682922532,3.14778090982423
"PA","Capex: -0%, Elec: -50%","Scenario1","Sanitary Paper Product Manufacturing",0.16433230470907,148479.275782524,2.06333682922532,3.14778090982423
"PA","Capex: -100%, Elec: -0%","Scenario1","Sanitary Paper Product Manufacturing",11.8403907950647,148479.275782524,2.06333682922532,3.14778090982423
"PA","Capex: -50%, Elec: -0%","Scenario1","Sanitary Paper Product Manufacturing",11.8943933805691,148479.275782524,2.06333682922532,3.14778090982423
"PA","Capex: -50%, Elec: -50%","Scenario1","Sanitary Paper Product Manufacturing",0.110329719204719,148479.275782524,2.06333682922532,3.14778090982423
"PA","No Policy","Scenario1","Sanitary Paper Product Manufacturing",11.9483959660734,148479.275782524,2.06333682922532,3.14778090982423
"CO","Capex: -0%, Elec: -50%","Scenario3","Animal (except Poultry) Slaughtering",1.5117325700476,148359.454175371,3.2164556691952,3.47075961684021
"CO","Capex: -100%, Elec: -0%","Scenario3","Animal (except Poultry) Slaughtering",12.4271553340912,148359.454175371,3.2164556691952,3.47075961684021
"CO","Capex: -50%, Elec: -0%","Scenario3","Animal (except Poultry) Slaughtering",12.4757576610451,148359.454175371,3.2164556691952,3.47075961684021
"CO","Capex: -50%, Elec: -50%","Scenario3","Animal (except Poultry) Slaughtering",1.46313024309369,148359.454175371,3.2164556691952,3.47075961684021
"CO","No Policy","Scenario3","Animal (except Poultry) Slaughtering",12.524359987999,148359.454175371,3.2164556691952,3.47075961684021
"CO","Capex: -0%, Elec: -50%","Scenario2","Ethyl Alcohol Manufacturing",-0.590292578756892,147672.910001461,3.2164556691952,3.47075961684021
"CO","Capex: -100%, Elec: -0%","Scenario2","Ethyl Alcohol Manufacturing",4.31964724544913,147672.910001461,3.2164556691952,3.47075961684021
"CO","Capex: -50%, Elec: -0%","Scenario2","Ethyl Alcohol Manufacturing",5.23137920850957,147672.910001461,3.2164556691952,3.47075961684021
"CO","Capex: -50%, Elec: -50%","Scenario2","Ethyl Alcohol Manufacturing",-1.50202454181733,147672.910001461,3.2164556691952,3.47075961684021
"CO","No Policy","Scenario2","Ethyl Alcohol Manufacturing",6.14311117157,147672.910001461,3.2164556691952,3.47075961684021
"PA","Capex: -0%, Elec: -50%","Scenario3","Sanitary Paper Product Manufacturing",-1.02628498305261,133631.348204272,2.06333682922532,3.14778090982423
"PA","Capex: -100%, Elec: -0%","Scenario3","Sanitary Paper Product Manufacturing",9.48216765826747,133631.348204272,2.06333682922532,3.14778090982423
"PA","Capex: -50%, Elec: -0%","Scenario3","Sanitary Paper Product Manufacturing",9.53076998522139,133631.348204272,2.06333682922532,3.14778090982423
"PA","Capex: -50%, Elec: -50%","Scenario3","Sanitary Paper Product Manufacturing",-1.07488731000652,133631.348204272,2.06333682922532,3.14778090982423
"PA","No Policy","Scenario3","Sanitary Paper Product Manufacturing",9.5793723121753,133631.348204272,2.06333682922532,3.14778090982423
"CO","Capex: -0%, Elec: -50%","Scenario4","Ethyl Alcohol Manufacturing",-1.49177170108917,132905.619001315,3.2164556691952,3.47075961684021
"CO","Capex: -100%, Elec: -0%","Scenario4","Ethyl Alcohol Manufacturing",2.92717414069626,132905.619001315,3.2164556691952,3.47075961684021
"CO","Capex: -50%, Elec: -0%","Scenario4","Ethyl Alcohol Manufacturing",3.74773290745065,132905.619001315,3.2164556691952,3.47075961684021
"CO","Capex: -50%, Elec: -50%","Scenario4","Ethyl Alcohol Manufacturing",-2.31233046784356,132905.619001315,3.2164556691952,3.47075961684021
"CO","No Policy","Scenario4","Ethyl Alcohol Manufacturing",4.56829167420504,132905.619001315,3.2164556691952,3.47075961684021
"IL","Capex: -0%, Elec: -50%","Scenario2","Animal (except Poultry) Slaughtering",1.09050790228108,118815.558910473,2.94622214222868,4.60646927226498
"IL","Capex: -100%, Elec: -0%","Scenario2","Animal (except Poultry) Slaughtering",6.41821088054106,118815.558910473,2.94622214222868,4.60646927226498
"IL","Capex: -50%, Elec: -0%","Scenario2","Animal (except Poultry) Slaughtering",7.32994284360149,118815.558910473,2.94622214222868,4.60646927226498
"IL","Capex: -50%, Elec: -50%","Scenario2","Animal (except Poultry) Slaughtering",0.178775939220647,118815.558910473,2.94622214222868,4.60646927226498
"IL","No Policy","Scenario2","Animal (except Poultry) Slaughtering",8.24167480666192,118815.558910473,2.94622214222868,4.60646927226498
"MN","Capex: -0%, Elec: -50%","Scenario1","Rendering and Meat Byproduct Processing",6.13237060063665,118227.203566658,4.245701207139,5.09644912743735
"MN","Capex: -100%, Elec: -0%","Scenario1","Rendering and Meat Byproduct Processing",19.943001605511,118227.203566658,4.245701207139,5.09644912743735
"MN","Capex: -50%, Elec: -0%","Scenario1","Rendering and Meat Byproduct Processing",19.9970041910154,118227.203566658,4.245701207139,5.09644912743735
"MN","Capex: -50%, Elec: -50%","Scenario1","Rendering and Meat Byproduct Processing",6.0783680151323,118227.203566658,4.245701207139,5.09644912743735
"MN","No Policy","Scenario1","Rendering and Meat Byproduct Processing",20.0510067765197,118227.203566658,4.245701207139,5.09644912743735
"IL","Capex: -0%, Elec: -50%","Scenario4","Animal (except Poultry) Slaughtering",0.147265092649949,108429.243019426,2.94622214222868,4.60646927226498
"IL","Capex: -100%, Elec: -0%","Scenario4","Animal (except Poultry) Slaughtering",4.94219777308393,108429.243019426,2.94622214222868,4.60646927226498
"IL","Capex: -50%, Elec: -0%","Scenario4","Animal (except Poultry) Slaughtering",5.76275653983832,108429.243019426,2.94622214222868,4.60646927226498
"IL","Capex: -50%, Elec: -50%","Scenario4","Animal (except Poultry) Slaughtering",-0.673293674104441,108429.243019426,2.94622214222868,4.60646927226498
"IL","No Policy","Scenario4","Animal (except Poultry) Slaughtering",6.58331530659271,108429.243019426,2.94622214222868,4.60646927226498
"MN","Capex: -0%, Elec: -50%","Scenario3","Rendering and Meat Byproduct Processing",4.72826220433467,106970.023209992,4.245701207139,5.09644912743735
"MN","Capex: -100%, Elec: -0%","Scenario3","Rendering and Meat Byproduct Processing",17.1578301087216,106970.023209992,4.245701207139,5.09644912743735
"MN","Capex: -50%, Elec: -0%","Scenario3","Rendering and Meat Byproduct Processing",17.2064324356755,106970.023209992,4.245701207139,5.09644912743735
"MN","Capex: -50%, Elec: -50%","Scenario3","Rendering and Meat Byproduct Processing",4.67965987738075,106970.023209992,4.245701207139,5.09644912743735
"MN","No Policy","Scenario3","Rendering and Meat Byproduct Processing",17.2550347626294,106970.023209992,4.245701207139,5.09644912743735
"CO","Capex: -0%, Elec: -50%","Scenario2","Animal (except Poultry) Slaughtering",-0.00978180289148618,100418.891214019,3.2164556691952,3.47075961684021
"CO","Capex: -100%, Elec: -0%","Scenario2","Animal (except Poultry) Slaughtering",5.48672376237439,100418.891214019,3.2164556691952,3.47075961684021
"CO","Capex: -50%, Elec: -0%","Scenario2","Animal (except Poultry) Slaughtering",6.39845572543482,100418.891214019,3.2164556691952,3.47075961684021
"CO","Capex: -50%, Elec: -50%","Scenario2","Animal (except Poultry) Slaughtering",-0.92151376595192,100418.891214019,3.2164556691952,3.47075961684021
"CO","No Policy","Scenario2","Animal (except Poultry) Slaughtering",7.31018768849526,100418.891214019,3.2164556691952,3.47075961684021
"PA","Capex: -0%, Elec: -50%","Scenario2","Ethyl Alcohol Manufacturing",-2.94470321910384,91275.834168434,2.06333682922532,3.14778090982423
"PA","Capex: -100%, Elec: -0%","Scenario2","Ethyl Alcohol Manufacturing",1.74276470259434,91275.834168434,2.06333682922532,3.14778090982423
"PA","Capex: -50%, Elec: -0%","Scenario2","Ethyl Alcohol Manufacturing",2.65449666565478,91275.834168434,2.06333682922532,3.14778090982423
"PA","Capex: -50%, Elec: -50%","Scenario2","Ethyl Alcohol Manufacturing",-3.85643518216428,91275.834168434,2.06333682922532,3.14778090982423
"PA","No Policy","Scenario2","Ethyl Alcohol Manufacturing",3.56622862871521,91275.834168434,2.06333682922532,3.14778090982423
"CO","Capex: -0%, Elec: -50%","Scenario4","Animal (except Poultry) Slaughtering",-0.970029004703011,90938.4920926168,3.2164556691952,3.47075961684021
"CO","Capex: -100%, Elec: -0%","Scenario4","Animal (except Poultry) Slaughtering",3.97682600403628,90938.4920926168,3.2164556691952,3.47075961684021
"CO","Capex: -50%, Elec: -0%","Scenario4","Animal (except Poultry) Slaughtering",4.79738477079067,90938.4920926168,3.2164556691952,3.47075961684021
"CO","Capex: -50%, Elec: -50%","Scenario4","Animal (except Poultry) Slaughtering",-1.7905877714574,90938.4920926168,3.2164556691952,3.47075961684021
"CO","No Policy","Scenario4","Animal (except Poultry) Slaughtering",5.61794353754506,90938.4920926168,3.2164556691952,3.47075961684021
"MN","Capex: -0%, Elec: -50%","Scenario2","Rendering and Meat Byproduct Processing",4.9090332167472,90754.2473312207,4.245701207139,5.09644912743735
"MN","Capex: -100%, Elec: -0%","Scenario2","Rendering and Meat Byproduct Processing",13.6216872172541,90754.2473312207,4.245701207139,5.09644912743735
"MN","Capex: -50%, Elec: -0%","Scenario2","Rendering and Meat Byproduct Processing",14.5334191803145,90754.2473312207,4.245701207139,5.09644912743735
"MN","Capex: -50%, Elec: -50%","Scenario2","Rendering and Meat Byproduct Processing",3.99730125368677,90754.2473312207,4.245701207139,5.09644912743735
"MN","No Policy","Scenario2","Rendering and Meat Byproduct Processing",15.4451511433749,90754.2473312207,4.245701207139,5.09644912743735
"MN","Capex: -0%, Elec: -50%","Scenario4","Rendering and Meat Byproduct Processing",3.62723931071447,82244.3625980987,4.245701207139,5.09644912743735
"MN","Capex: -100%, Elec: -0%","Scenario4","Rendering and Meat Byproduct Processing",11.4686279111707,82244.3625980987,4.245701207139,5.09644912743735
"MN","Capex: -50%, Elec: -0%","Scenario4","Rendering and Meat Byproduct Processing",12.289186677925,82244.3625980987,4.245701207139,5.09644912743735
"MN","Capex: -50%, Elec: -50%","Scenario4","Rendering and Meat Byproduct Processing",2.80668054396008,82244.3625980987,4.245701207139,5.09644912743735
"MN","No Policy","Scenario4","Rendering and Meat Byproduct Processing",13.1097454446794,82244.3625980987,4.245701207139,5.09644912743735
"PA","Capex: -0%, Elec: -50%","Scenario4","Ethyl Alcohol Manufacturing",-3.82393515118534,82148.2507515906,2.06333682922532,3.14778090982423
"PA","Capex: -100%, Elec: -0%","Scenario4","Ethyl Alcohol Manufacturing",0.39478597834303,82148.2507515906,2.06333682922532,3.14778090982423
"PA","Capex: -50%, Elec: -0%","Scenario4","Ethyl Alcohol Manufacturing",1.21534474509742,82148.2507515906,2.06333682922532,3.14778090982423
"PA","Capex: -50%, Elec: -50%","Scenario4","Ethyl Alcohol Manufacturing",-4.64449391793972,82148.2507515906,2.06333682922532,3.14778090982423
"PA","No Policy","Scenario4","Ethyl Alcohol Manufacturing",2.03590351185181,82148.2507515906,2.06333682922532,3.14778090982423
"CO","Capex: -0%, Elec: -50%","Scenario2","Cheese Manufacturing",-2.35532827651554,72965.6230498289,3.2164556691952,3.47075961684021
"CO","Capex: -100%, Elec: -0%","Scenario2","Cheese Manufacturing",0.755774645469875,72965.6230498289,3.2164556691952,3.47075961684021
"CO","Capex: -50%, Elec: -0%","Scenario2","Cheese Manufacturing",1.66750660853031,72965.6230498289,3.2164556691952,3.47075961684021
"CO","Capex: -50%, Elec: -50%","Scenario2","Cheese Manufacturing",-3.26706023957597,72965.6230498289,3.2164556691952,3.47075961684021
"CO","No Policy","Scenario2","Cheese Manufacturing",2.57923857159074,72965.6230498289,3.2164556691952,3.47075961684021
"CA","Capex: -0%, Elec: -50%","Scenario2","Cheese Manufacturing",0.32566360498492,72874.8667089896,3.58757410155736,7.38184967439984
"CA","Capex: -100%, Elec: -0%","Scenario2","Cheese Manufacturing",10.7727667037162,72874.8667089896,3.58757410155736,7.38184967439984
"CA","Capex: -50%, Elec: -0%","Scenario2","Cheese Manufacturing",11.6844986667766,72874.8667089896,3.58757410155736,7.38184967439984
"CA","Capex: -50%, Elec: -50%","Scenario2","Cheese Manufacturing",-0.586068358075512,72874.8667089896,3.58757410155736,7.38184967439984
"CA","No Policy","Scenario2","Cheese Manufacturing",12.596230629837,72874.8667089896,3.58757410155736,7.38184967439984
"MN","Capex: -0%, Elec: -50%","Scenario1","Animal (except Poultry) Slaughtering",6.14475715917978,71195.5279272492,4.245701207139,5.09644912743735
"MN","Capex: -100%, Elec: -0%","Scenario1","Animal (except Poultry) Slaughtering",19.9553881640541,71195.5279272492,4.245701207139,5.09644912743735
"MN","Capex: -50%, Elec: -0%","Scenario1","Animal (except Poultry) Slaughtering",20.0093907495585,71195.5279272492,4.245701207139,5.09644912743735
"MN","Capex: -50%, Elec: -50%","Scenario1","Animal (except Poultry) Slaughtering",6.09075457367543,71195.5279272492,4.245701207139,5.09644912743735
"MN","No Policy","Scenario1","Animal (except Poultry) Slaughtering",20.0633933350628,71195.5279272492,4.245701207139,5.09644912743735
"MI","Capex: -0%, Elec: -50%","Scenario1","Cheese Manufacturing",2.88829132831922,68146.2724198243,3.34655398814285,3.43731477934888
"MI","Capex: -100%, Elec: -0%","Scenario1","Cheese Manufacturing",15.160686069506,68146.2724198243,3.34655398814285,3.43731477934888
"MI","Capex: -50%, Elec: -0%","Scenario1","Cheese Manufacturing",15.2146886550103,68146.2724198243,3.34655398814285,3.43731477934888
"MI","Capex: -50%, Elec: -50%","Scenario1","Cheese Manufacturing",2.83428874281487,68146.2724198243,3.34655398814285,3.43731477934888
"MI","No Policy","Scenario1","Cheese Manufacturing",15.2686912405147,68146.2724198243,3.34655398814285,3.43731477934888
"CA","Capex: -0%, Elec: -50%","Scenario4","Cheese Manufacturing",-1.12948719723531,66015.7300380906,3.58757410155736,7.38184967439984
"CA","Capex: -100%, Elec: -0%","Scenario4","Cheese Manufacturing",8.27290559162282,66015.7300380906,3.58757410155736,7.38184967439984
"CA","Capex: -50%, Elec: -0%","Scenario4","Cheese Manufacturing",9.09346435837721,66015.7300380906,3.58757410155736,7.38184967439984
"CA","Capex: -50%, Elec: -50%","Scenario4","Cheese Manufacturing",-1.9500459639897,66015.7300380906,3.58757410155736,7.38184967439984
"CA","No Policy","Scenario4","Cheese Manufacturing",9.9140231251316,66015.7300380906,3.58757410155736,7.38184967439984
"CO","Capex: -0%, Elec: -50%","Scenario4","Cheese Manufacturing",-3.07692370862575,65707.330744846,3.2164556691952,3.47075961684021
"CO","Capex: -100%, Elec: -0%","Scenario4","Cheese Manufacturing",-0.276931078838876,65707.330744846,3.2164556691952,3.47075961684021
"CO","Capex: -50%, Elec: -0%","Scenario4","Cheese Manufacturing",0.543627687915512,65707.330744846,3.2164556691952,3.47075961684021
"CO","Capex: -50%, Elec: -50%","Scenario4","Cheese Manufacturing",-3.89748247538014,65707.330744846,3.2164556691952,3.47075961684021
"CO","No Policy","Scenario4","Cheese Manufacturing",1.3641864546699,65707.330744846,3.2164556691952,3.47075961684021
"WI","Capex: -0%, Elec: -50%","Scenario1","Cheese Manufacturing",5.42911665370782,65576.7812064665,4.13365248324973,5.00448307113784
"WI","Capex: -100%, Elec: -0%","Scenario1","Cheese Manufacturing",18.0105216479109,65576.7812064665,4.13365248324973,5.00448307113784
"WI","Capex: -50%, Elec: -0%","Scenario1","Cheese Manufacturing",18.0645242334153,65576.7812064665,4.13365248324973,5.00448307113784
"WI","Capex: -50%, Elec: -50%","Scenario1","Cheese Manufacturing",5.37511406820347,65576.7812064665,4.13365248324973,5.00448307113784
"WI","No Policy","Scenario1","Cheese Manufacturing",18.1185268189196,65576.7812064665,4.13365248324973,5.00448307113784
"PA","Capex: -0%, Elec: -50%","Scenario2","Sanitary Paper Product Manufacturing",-4.25362511114012,65168.5905317606,2.06333682922532,3.14778090982423
"PA","Capex: -100%, Elec: -0%","Scenario2","Sanitary Paper Product Manufacturing",-0.870261048489256,65168.5905317606,2.06333682922532,3.14778090982423
"PA","Capex: -50%, Elec: -0%","Scenario2","Sanitary Paper Product Manufacturing",0.0414709145711765,65168.5905317606,2.06333682922532,3.14778090982423
"PA","Capex: -50%, Elec: -50%","Scenario2","Sanitary Paper Product Manufacturing",-5.16535707420056,65168.5905317606,2.06333682922532,3.14778090982423
"PA","No Policy","Scenario2","Sanitary Paper Product Manufacturing",0.953202877631611,65168.5905317606,2.06333682922532,3.14778090982423
"MN","Capex: -0%, Elec: -50%","Scenario3","Animal (except Poultry) Slaughtering",4.74068261996623,64075.9751345243,4.245701207139,5.09644912743735
"MN","Capex: -100%, Elec: -0%","Scenario3","Animal (except Poultry) Slaughtering",17.1702505243532,64075.9751345243,4.245701207139,5.09644912743735
"MN","Capex: -50%, Elec: -0%","Scenario3","Animal (except Poultry) Slaughtering",17.2188528513071,64075.9751345243,4.245701207139,5.09644912743735
"MN","Capex: -50%, Elec: -50%","Scenario3","Animal (except Poultry) Slaughtering",4.69208029301232,64075.9751345243,4.245701207139,5.09644912743735
"MN","No Policy","Scenario3","Animal (except Poultry) Slaughtering",17.267455178261,64075.9751345243,4.245701207139,5.09644912743735
"MI","Capex: -0%, Elec: -50%","Scenario3","Cheese Manufacturing",1.63804143317214,61423.9751778418,3.34655398814285,3.43731477934888
"MI","Capex: -100%, Elec: -0%","Scenario3","Cheese Manufacturing",12.6831967002402,61423.9751778418,3.34655398814285,3.43731477934888
"MI","Capex: -50%, Elec: -0%","Scenario3","Cheese Manufacturing",12.7317990271941,61423.9751778418,3.34655398814285,3.43731477934888
"MI","Capex: -50%, Elec: -50%","Scenario3","Cheese Manufacturing",1.58943910621823,61423.9751778418,3.34655398814285,3.43731477934888
"MI","No Policy","Scenario3","Cheese Manufacturing",12.7804013541481,61423.9751778418,3.34655398814285,3.43731477934888
"WI","Capex: -0%, Elec: -50%","Scenario3","Cheese Manufacturing",4.1479647155614,59019.1030858198,4.13365248324973,5.00448307113784
"WI","Capex: -100%, Elec: -0%","Scenario3","Cheese Manufacturing",15.4712292103442,59019.1030858198,4.13365248324973,5.00448307113784
"WI","Capex: -50%, Elec: -0%","Scenario3","Cheese Manufacturing",15.5198315372981,59019.1030858198,4.13365248324973,5.00448307113784
"WI","Capex: -50%, Elec: -50%","Scenario3","Cheese Manufacturing",4.09936238860748,59019.1030858198,4.13365248324973,5.00448307113784
"WI","No Policy","Scenario3","Cheese Manufacturing",15.568433864252,59019.1030858198,4.13365248324973,5.00448307113784
"PA","Capex: -0%, Elec: -50%","Scenario4","Sanitary Paper Product Manufacturing",-5.00244665731688,58651.7314785846,2.06333682922532,3.14778090982423
"PA","Capex: -100%, Elec: -0%","Scenario4","Sanitary Paper Product Manufacturing",-1.9574190009311,58651.7314785846,2.06333682922532,3.14778090982423
"PA","Capex: -50%, Elec: -0%","Scenario4","Sanitary Paper Product Manufacturing",-1.13686023417671,58651.7314785846,2.06333682922532,3.14778090982423
"PA","Capex: -50%, Elec: -50%","Scenario4","Sanitary Paper Product Manufacturing",-5.82300542407127,58651.7314785846,2.06333682922532,3.14778090982423
"PA","No Policy","Scenario4","Sanitary Paper Product Manufacturing",-0.316301467422322,58651.7314785846,2.06333682922532,3.14778090982423
"CA","Capex: -0%, Elec: -50%","Scenario1","Other Snack Food Manufacturing",15.9515183067976,55187.1413129801,3.58757410155736,7.38184967439984
"CA","Capex: -100%, Elec: -0%","Scenario1","Other Snack Food Manufacturing",45.9380339618551,55187.1413129801,3.58757410155736,7.38184967439984
"CA","Capex: -50%, Elec: -0%","Scenario1","Other Snack Food Manufacturing",45.9920365473595,55187.1413129801,3.58757410155736,7.38184967439984
"CA","Capex: -50%, Elec: -50%","Scenario1","Other Snack Food Manufacturing",15.8975157212932,55187.1413129801,3.58757410155736,7.38184967439984
"CA","No Policy","Scenario1","Other Snack Food Manufacturing",46.0460391328638,55187.1413129801,3.58757410155736,7.38184967439984
"OR","Capex: -0%, Elec: -50%","Scenario1","Ethyl Alcohol Manufacturing",0.0511464813127596,50052.9665266317,2.23091224526308,2.97992008824577
"OR","Capex: -100%, Elec: -0%","Scenario1","Ethyl Alcohol Manufacturing",9.96784043117334,50052.9665266317,2.23091224526308,2.97992008824577
"OR","Capex: -50%, Elec: -0%","Scenario1","Ethyl Alcohol Manufacturing",10.0218430166777,50052.9665266317,2.23091224526308,2.97992008824577
"OR","Capex: -50%, Elec: -50%","Scenario1","Ethyl Alcohol Manufacturing",-0.00285610419158822,50052.9665266317,2.23091224526308,2.97992008824577
"OR","No Policy","Scenario1","Ethyl Alcohol Manufacturing",10.075845602182,50052.9665266317,2.23091224526308,2.97992008824577
"CA","Capex: -0%, Elec: -50%","Scenario3","Other Snack Food Manufacturing",12.9298553025657,49668.4271816821,3.58757410155736,7.38184967439984
"CA","Capex: -100%, Elec: -0%","Scenario3","Other Snack Food Manufacturing",39.9177193921175,49668.4271816821,3.58757410155736,7.38184967439984
"CA","Capex: -50%, Elec: -0%","Scenario3","Other Snack Food Manufacturing",39.9663217190714,49668.4271816821,3.58757410155736,7.38184967439984
"CA","Capex: -50%, Elec: -50%","Scenario3","Other Snack Food Manufacturing",12.8812529756118,49668.4271816821,3.58757410155736,7.38184967439984
"CA","No Policy","Scenario3","Other Snack Food Manufacturing",40.0149240460253,49668.4271816821,3.58757410155736,7.38184967439984
"WI","Capex: -0%, Elec: -50%","Scenario1","Fluid Milk Manufacturing",5.41240009764211,48395.9815531855,4.13365248324973,5.00448307113784
"WI","Capex: -100%, Elec: -0%","Scenario1","Fluid Milk Manufacturing",17.9938050918452,48395.9815531855,4.13365248324973,5.00448307113784
"WI","Capex: -50%, Elec: -0%","Scenario1","Fluid Milk Manufacturing",18.0478076773495,48395.9815531855,4.13365248324973,5.00448307113784
"WI","Capex: -50%, Elec: -50%","Scenario1","Fluid Milk Manufacturing",5.35839751213776,48395.9815531855,4.13365248324973,5.00448307113784
"WI","No Policy","Scenario1","Fluid Milk Manufacturing",18.1018102628539,48395.9815531855,4.13365248324973,5.00448307113784
"WI","Capex: -0%, Elec: -50%","Scenario1","Rendering and Meat Byproduct Processing",5.41182625231281,47905.9908208299,4.13365248324973,5.00448307113784
"WI","Capex: -100%, Elec: -0%","Scenario1","Rendering and Meat Byproduct Processing",17.9932312465159,47905.9908208299,4.13365248324973,5.00448307113784
"WI","Capex: -50%, Elec: -0%","Scenario1","Rendering and Meat Byproduct Processing",18.0472338320202,47905.9908208299,4.13365248324973,5.00448307113784
"WI","Capex: -50%, Elec: -50%","Scenario1","Rendering and Meat Byproduct Processing",5.35782366680846,47905.9908208299,4.13365248324973,5.00448307113784
"WI","No Policy","Scenario1","Rendering and Meat Byproduct Processing",18.1012364175246,47905.9908208299,4.13365248324973,5.00448307113784
"WI","Capex: -0%, Elec: -50%","Scenario1","Breweries",5.41782837129468,45072.2307012214,4.13365248324973,5.00448307113784
"WI","Capex: -100%, Elec: -0%","Scenario1","Breweries",17.9992333654978,45072.2307012214,4.13365248324973,5.00448307113784
"WI","Capex: -50%, Elec: -0%","Scenario1","Breweries",18.0532359510021,45072.2307012214,4.13365248324973,5.00448307113784
"WI","Capex: -50%, Elec: -50%","Scenario1","Breweries",5.36382578579033,45072.2307012214,4.13365248324973,5.00448307113784
"WI","No Policy","Scenario1","Breweries",18.1072385365065,45072.2307012214,4.13365248324973,5.00448307113784
"OR","Capex: -0%, Elec: -50%","Scenario3","Ethyl Alcohol Manufacturing",-0.96353435239941,45047.6698739685,2.23091224526308,2.97992008824577
"OR","Capex: -100%, Elec: -0%","Scenario3","Ethyl Alcohol Manufacturing",7.96149020247511,45047.6698739685,2.23091224526308,2.97992008824577
"OR","Capex: -50%, Elec: -0%","Scenario3","Ethyl Alcohol Manufacturing",8.01009252942903,45047.6698739685,2.23091224526308,2.97992008824577
"OR","Capex: -50%, Elec: -50%","Scenario3","Ethyl Alcohol Manufacturing",-1.01213667935332,45047.6698739685,2.23091224526308,2.97992008824577
"OR","No Policy","Scenario3","Ethyl Alcohol Manufacturing",8.05869485638294,45047.6698739685,2.23091224526308,2.97992008824577
"WI","Capex: -0%, Elec: -50%","Scenario3","Fluid Milk Manufacturing",4.13124815949569,43556.383397867,4.13365248324973,5.00448307113784
"WI","Capex: -100%, Elec: -0%","Scenario3","Fluid Milk Manufacturing",15.4545126542785,43556.383397867,4.13365248324973,5.00448307113784
"WI","Capex: -50%, Elec: -0%","Scenario3","Fluid Milk Manufacturing",15.5031149812324,43556.383397867,4.13365248324973,5.00448307113784
"WI","Capex: -50%, Elec: -50%","Scenario3","Fluid Milk Manufacturing",4.08264583254178,43556.383397867,4.13365248324973,5.00448307113784
"WI","No Policy","Scenario3","Fluid Milk Manufacturing",15.5517173081863,43556.383397867,4.13365248324973,5.00448307113784
"CA","Capex: -0%, Elec: -50%","Scenario2","Other Snack Food Manufacturing",11.7073332395337,43233.8853935958,3.58757410155736,7.38184967439984
"CA","Capex: -100%, Elec: -0%","Scenario2","Other Snack Food Manufacturing",33.5749268154718,43233.8853935958,3.58757410155736,7.38184967439984
"CA","Capex: -50%, Elec: -0%","Scenario2","Other Snack Food Manufacturing",34.4866587785323,43233.8853935958,3.58757410155736,7.38184967439984
"CA","Capex: -50%, Elec: -50%","Scenario2","Other Snack Food Manufacturing",10.7956012764733,43233.8853935958,3.58757410155736,7.38184967439984
"CA","No Policy","Scenario2","Other Snack Food Manufacturing",35.3983907415927,43233.8853935958,3.58757410155736,7.38184967439984
"WI","Capex: -0%, Elec: -50%","Scenario3","Rendering and Meat Byproduct Processing",4.13067431416638,43115.3917387469,4.13365248324973,5.00448307113784
"WI","Capex: -100%, Elec: -0%","Scenario3","Rendering and Meat Byproduct Processing",15.4539388089492,43115.3917387469,4.13365248324973,5.00448307113784
"WI","Capex: -50%, Elec: -0%","Scenario3","Rendering and Meat Byproduct Processing",15.5025411359031,43115.3917387469,4.13365248324973,5.00448307113784
"WI","Capex: -50%, Elec: -50%","Scenario3","Rendering and Meat Byproduct Processing",4.08207198721247,43115.3917387469,4.13365248324973,5.00448307113784
"WI","No Policy","Scenario3","Rendering and Meat Byproduct Processing",15.551143462857,43115.3917387469,4.13365248324973,5.00448307113784
"MN","Capex: -0%, Elec: -50%","Scenario2","Animal (except Poultry) Slaughtering",2.7211923001871,42556.1466689649,4.245701207139,5.09644912743735
"MN","Capex: -100%, Elec: -0%","Scenario2","Animal (except Poultry) Slaughtering",9.23352143421318,42556.1466689649,4.245701207139,5.09644912743735
"MN","Capex: -50%, Elec: -0%","Scenario2","Animal (except Poultry) Slaughtering",10.1452533972736,42556.1466689649,4.245701207139,5.09644912743735
"MN","Capex: -50%, Elec: -50%","Scenario2","Animal (except Poultry) Slaughtering",1.80946033712666,42556.1466689649,4.245701207139,5.09644912743735
"MN","No Policy","Scenario2","Animal (except Poultry) Slaughtering",11.056985360334,42556.1466689649,4.245701207139,5.09644912743735
"MN","Capex: -0%, Elec: -50%","Scenario1","Cheese Manufacturing",6.11454501187312,41549.3778133478,4.245701207139,5.09644912743735
"MN","Capex: -100%, Elec: -0%","Scenario1","Cheese Manufacturing",19.9251760167475,41549.3778133478,4.245701207139,5.09644912743735
"MN","Capex: -50%, Elec: -0%","Scenario1","Cheese Manufacturing",19.9791786022518,41549.3778133478,4.245701207139,5.09644912743735
"MN","Capex: -50%, Elec: -50%","Scenario1","Cheese Manufacturing",6.06054242636877,41549.3778133478,4.245701207139,5.09644912743735
"MN","No Policy","Scenario1","Cheese Manufacturing",20.0331811877562,41549.3778133478,4.245701207139,5.09644912743735
"WI","Capex: -0%, Elec: -50%","Scenario3","Breweries",4.13667643314826,40565.0076310992,4.13365248324973,5.00448307113784
"WI","Capex: -100%, Elec: -0%","Scenario3","Breweries",15.459940927931,40565.0076310992,4.13365248324973,5.00448307113784
"WI","Capex: -50%, Elec: -0%","Scenario3","Breweries",15.508543254885,40565.0076310992,4.13365248324973,5.00448307113784
"WI","Capex: -50%, Elec: -50%","Scenario3","Breweries",4.08807410619435,40565.0076310992,4.13365248324973,5.00448307113784
"WI","No Policy","Scenario3","Breweries",15.5571455818389,40565.0076310992,4.13365248324973,5.00448307113784
"NY","Capex: -0%, Elec: -50%","Scenario1","Ethyl Alcohol Manufacturing",-5.38917167411897,40259.1492834566,1.15200385745182,1.91210390569382
"NY","Capex: -100%, Elec: -0%","Scenario1","Ethyl Alcohol Manufacturing",2.45857255005865,40259.1492834566,1.15200385745182,1.91210390569382
"NY","Capex: -50%, Elec: -0%","Scenario1","Ethyl Alcohol Manufacturing",2.51257513556299,40259.1492834566,1.15200385745182,1.91210390569382
"NY","Capex: -50%, Elec: -50%","Scenario1","Ethyl Alcohol Manufacturing",-5.44317425962332,40259.1492834566,1.15200385745182,1.91210390569382
"NY","No Policy","Scenario1","Ethyl Alcohol Manufacturing",2.56657772106735,40259.1492834566,1.15200385745182,1.91210390569382
"CA","Capex: -0%, Elec: -50%","Scenario4","Other Snack Food Manufacturing",9.11008874202826,38910.4968542362,3.58757410155736,7.38184967439984
"CA","Capex: -100%, Elec: -0%","Scenario4","Other Snack Food Manufacturing",28.7909229603725,38910.4968542362,3.58757410155736,7.38184967439984
"CA","Capex: -50%, Elec: -0%","Scenario4","Other Snack Food Manufacturing",29.6114817271269,38910.4968542362,3.58757410155736,7.38184967439984
"CA","Capex: -50%, Elec: -50%","Scenario4","Other Snack Food Manufacturing",8.28952997527387,38910.4968542362,3.58757410155736,7.38184967439984
"CA","No Policy","Scenario4","Other Snack Food Manufacturing",30.4320404938813,38910.4968542362,3.58757410155736,7.38184967439984
"WI","Capex: -0%, Elec: -50%","Scenario1","Other Snack Food Manufacturing",5.40908082350674,38573.0508295372,4.13365248324973,5.00448307113784
"WI","Capex: -100%, Elec: -0%","Scenario1","Other Snack Food Manufacturing",17.9904858177098,38573.0508295372,4.13365248324973,5.00448307113784
"WI","Capex: -50%, Elec: -0%","Scenario1","Other Snack Food Manufacturing",18.0444884032142,38573.0508295372,4.13365248324973,5.00448307113784
"WI","Capex: -50%, Elec: -50%","Scenario1","Other Snack Food Manufacturing",5.3550782380024,38573.0508295372,4.13365248324973,5.00448307113784
"WI","No Policy","Scenario1","Other Snack Food Manufacturing",18.0984909887185,38573.0508295372,4.13365248324973,5.00448307113784
"MN","Capex: -0%, Elec: -50%","Scenario4","Animal (except Poultry) Slaughtering",1.65947424687281,38300.5320020684,4.245701207139,5.09644912743735
"MN","Capex: -100%, Elec: -0%","Scenario4","Animal (except Poultry) Slaughtering",7.52057046749629,38300.5320020684,4.245701207139,5.09644912743735
"MN","Capex: -50%, Elec: -0%","Scenario4","Animal (except Poultry) Slaughtering",8.34112923425068,38300.5320020684,4.245701207139,5.09644912743735
"MN","Capex: -50%, Elec: -50%","Scenario4","Animal (except Poultry) Slaughtering",0.838915480118423,38300.5320020684,4.245701207139,5.09644912743735
"MN","No Policy","Scenario4","Animal (except Poultry) Slaughtering",9.16168800100507,38300.5320020684,4.245701207139,5.09644912743735
"CA","Capex: -0%, Elec: -50%","Scenario1","Ethyl Alcohol Manufacturing",15.9680598457118,37448.948099138,3.58757410155736,7.38184967439984
"CA","Capex: -100%, Elec: -0%","Scenario1","Ethyl Alcohol Manufacturing",45.9545755007693,37448.948099138,3.58757410155736,7.38184967439984
"CA","Capex: -50%, Elec: -0%","Scenario1","Ethyl Alcohol Manufacturing",46.0085780862737,37448.948099138,3.58757410155736,7.38184967439984
"CA","Capex: -50%, Elec: -50%","Scenario1","Ethyl Alcohol Manufacturing",15.9140572602074,37448.948099138,3.58757410155736,7.38184967439984
"CA","No Policy","Scenario1","Ethyl Alcohol Manufacturing",46.062580671778,37448.948099138,3.58757410155736,7.38184967439984
"PA","Capex: -0%, Elec: -50%","Scenario1","Cheese Manufacturing",0.0775951851097805,37443.0899109875,2.06333682922532,3.14778090982423
"PA","Capex: -100%, Elec: -0%","Scenario1","Cheese Manufacturing",11.7536536754654,37443.0899109875,2.06333682922532,3.14778090982423
"PA","Capex: -50%, Elec: -0%","Scenario1","Cheese Manufacturing",11.8076562609698,37443.0899109875,2.06333682922532,3.14778090982423
"PA","Capex: -50%, Elec: -50%","Scenario1","Cheese Manufacturing",0.0235925996054309,37443.0899109875,2.06333682922532,3.14778090982423
"PA","No Policy","Scenario1","Cheese Manufacturing",11.8616588464741,37443.0899109875,2.06333682922532,3.14778090982423
"MN","Capex: -0%, Elec: -50%","Scenario3","Cheese Manufacturing",4.71047047265957,37394.440032013,4.245701207139,5.09644912743735
"MN","Capex: -100%, Elec: -0%","Scenario3","Cheese Manufacturing",17.1400383770465,37394.440032013,4.245701207139,5.09644912743735
"MN","Capex: -50%, Elec: -0%","Scenario3","Cheese Manufacturing",17.1886407040004,37394.440032013,4.245701207139,5.09644912743735
"MN","Capex: -50%, Elec: -50%","Scenario3","Cheese Manufacturing",4.66186814570565,37394.440032013,4.245701207139,5.09644912743735
"MN","No Policy","Scenario3","Cheese Manufacturing",17.2372430309543,37394.440032013,4.245701207139,5.09644912743735
"NY","Capex: -0%, Elec: -50%","Scenario3","Ethyl Alcohol Manufacturing",-6.19695753526285,36233.234355111,1.15200385745182,1.91210390569382
"NY","Capex: -100%, Elec: -0%","Scenario3","Ethyl Alcohol Manufacturing",0.866012266497005,36233.234355111,1.15200385745182,1.91210390569382
"NY","Capex: -50%, Elec: -0%","Scenario3","Ethyl Alcohol Manufacturing",0.914614593450921,36233.234355111,1.15200385745182,1.91210390569382
"NY","Capex: -50%, Elec: -50%","Scenario3","Ethyl Alcohol Manufacturing",-6.24555986221676,36233.234355111,1.15200385745182,1.91210390569382
"NY","No Policy","Scenario3","Ethyl Alcohol Manufacturing",0.963216920404833,36233.234355111,1.15200385745182,1.91210390569382
"WI","Capex: -0%, Elec: -50%","Scenario2","Rendering and Meat Byproduct Processing",4.48791949355806,36214.6156492791,4.13365248324973,5.00448307113784
"WI","Capex: -100%, Elec: -0%","Scenario2","Rendering and Meat Byproduct Processing",12.2706807171508,36214.6156492791,4.13365248324973,5.00448307113784
"WI","Capex: -50%, Elec: -0%","Scenario2","Rendering and Meat Byproduct Processing",13.1824126802112,36214.6156492791,4.13365248324973,5.00448307113784
"WI","Capex: -50%, Elec: -50%","Scenario2","Rendering and Meat Byproduct Processing",3.57618753049763,36214.6156492791,4.13365248324973,5.00448307113784
"WI","No Policy","Scenario2","Rendering and Meat Byproduct Processing",14.0941446432717,36214.6156492791,4.13365248324973,5.00448307113784
"MD","Capex: -0%, Elec: -50%","Scenario1","Rendering and Meat Byproduct Processing",5.62598894886067,35321.3565637947,3.03609383225767,4.07501946672362
"MD","Capex: -100%, Elec: -0%","Scenario1","Rendering and Meat Byproduct Processing",25.9015800459147,35321.3565637947,3.03609383225767,4.07501946672362
"MD","Capex: -50%, Elec: -0%","Scenario1","Rendering and Meat Byproduct Processing",25.9555826314191,35321.3565637947,3.03609383225767,4.07501946672362
"MD","Capex: -50%, Elec: -50%","Scenario1","Rendering and Meat Byproduct Processing",5.57198636335633,35321.3565637947,3.03609383225767,4.07501946672362
"MD","No Policy","Scenario1","Rendering and Meat Byproduct Processing",26.0095852169234,35321.3565637947,3.03609383225767,4.07501946672362
"WI","Capex: -0%, Elec: -50%","Scenario3","Other Snack Food Manufacturing",4.12792888536032,34715.7457465835,4.13365248324973,5.00448307113784
"WI","Capex: -100%, Elec: -0%","Scenario3","Other Snack Food Manufacturing",15.4511933801431,34715.7457465835,4.13365248324973,5.00448307113784
"WI","Capex: -50%, Elec: -0%","Scenario3","Other Snack Food Manufacturing",15.499795707097,34715.7457465835,4.13365248324973,5.00448307113784
"WI","Capex: -50%, Elec: -50%","Scenario3","Other Snack Food Manufacturing",4.0793265584064,34715.7457465835,4.13365248324973,5.00448307113784
"WI","No Policy","Scenario3","Other Snack Food Manufacturing",15.5483980340509,34715.7457465835,4.13365248324973,5.00448307113784
"CA","Capex: -0%, Elec: -50%","Scenario3","Ethyl Alcohol Manufacturing",12.9463968414799,33704.0532892242,3.58757410155736,7.38184967439984
"CA","Capex: -100%, Elec: -0%","Scenario3","Ethyl Alcohol Manufacturing",39.9342609310317,33704.0532892242,3.58757410155736,7.38184967439984
"CA","Capex: -50%, Elec: -0%","Scenario3","Ethyl Alcohol Manufacturing",39.9828632579856,33704.0532892242,3.58757410155736,7.38184967439984
"CA","Capex: -50%, Elec: -50%","Scenario3","Ethyl Alcohol Manufacturing",12.897794514526,33704.0532892242,3.58757410155736,7.38184967439984
"CA","No Policy","Scenario3","Ethyl Alcohol Manufacturing",40.0314655849395,33704.0532892242,3.58757410155736,7.38184967439984
"PA","Capex: -0%, Elec: -50%","Scenario3","Cheese Manufacturing",-1.1130221026519,33698.7809198887,2.06333682922532,3.14778090982423
"PA","Capex: -100%, Elec: -0%","Scenario3","Cheese Manufacturing",9.3954305386682,33698.7809198887,2.06333682922532,3.14778090982423
"PA","Capex: -50%, Elec: -0%","Scenario3","Cheese Manufacturing",9.44403286562211,33698.7809198887,2.06333682922532,3.14778090982423
"PA","Capex: -50%, Elec: -50%","Scenario3","Cheese Manufacturing",-1.16162442960581,33698.7809198887,2.06333682922532,3.14778090982423
"PA","No Policy","Scenario3","Cheese Manufacturing",9.49263519257602,33698.7809198887,2.06333682922532,3.14778090982423
"WI","Capex: -0%, Elec: -50%","Scenario4","Rendering and Meat Byproduct Processing",3.29915823128711,32593.1540843512,4.13365248324973,5.00448307113784
"WI","Capex: -100%, Elec: -0%","Scenario4","Rendering and Meat Byproduct Processing",10.3036433325206,32593.1540843512,4.13365248324973,5.00448307113784
"WI","Capex: -50%, Elec: -0%","Scenario4","Rendering and Meat Byproduct Processing",11.124202099275,32593.1540843512,4.13365248324973,5.00448307113784
"WI","Capex: -50%, Elec: -50%","Scenario4","Rendering and Meat Byproduct Processing",2.47859946453272,32593.1540843512,4.13365248324973,5.00448307113784
"WI","No Policy","Scenario4","Rendering and Meat Byproduct Processing",11.9447608660294,32593.1540843512,4.13365248324973,5.00448307113784
"MD","Capex: -0%, Elec: -50%","Scenario3","Rendering and Meat Byproduct Processing",3.57541840042917,31789.2209074153,3.03609383225767,4.07501946672362
"MD","Capex: -100%, Elec: -0%","Scenario3","Rendering and Meat Byproduct Processing",21.8234503877778,31789.2209074153,3.03609383225767,4.07501946672362
"MD","Capex: -50%, Elec: -0%","Scenario3","Rendering and Meat Byproduct Processing",21.8720527147317,31789.2209074153,3.03609383225767,4.07501946672362
"MD","Capex: -50%, Elec: -50%","Scenario3","Rendering and Meat Byproduct Processing",3.52681607347525,31789.2209074153,3.03609383225767,4.07501946672362
"MD","No Policy","Scenario3","Rendering and Meat Byproduct Processing",21.9206550416856,31789.2209074153,3.03609383225767,4.07501946672362
"CA","Capex: -0%, Elec: -50%","Scenario1","Breweries",15.9507444868092,31380.3721836786,3.58757410155736,7.38184967439984
"CA","Capex: -100%, Elec: -0%","Scenario1","Breweries",45.9372601418668,31380.3721836786,3.58757410155736,7.38184967439984
"CA","Capex: -50%, Elec: -0%","Scenario1","Breweries",45.9912627273711,31380.3721836786,3.58757410155736,7.38184967439984
"CA","Capex: -50%, Elec: -50%","Scenario1","Breweries",15.8967419013049,31380.3721836786,3.58757410155736,7.38184967439984
"CA","No Policy","Scenario1","Breweries",46.0452653128755,31380.3721836786,3.58757410155736,7.38184967439984
"WI","Capex: -0%, Elec: -50%","Scenario2","Other Snack Food Manufacturing",4.83323972029012,30218.322949323,4.13365248324973,5.00448307113784
"WI","Capex: -100%, Elec: -0%","Scenario2","Other Snack Food Manufacturing",12.964066599421,30218.322949323,4.13365248324973,5.00448307113784
"WI","Capex: -50%, Elec: -0%","Scenario2","Other Snack Food Manufacturing",13.8757985624814,30218.322949323,4.13365248324973,5.00448307113784
"WI","Capex: -50%, Elec: -50%","Scenario2","Other Snack Food Manufacturing",3.92150775722968,30218.322949323,4.13365248324973,5.00448307113784
"WI","No Policy","Scenario2","Other Snack Food Manufacturing",14.7875305255419,30218.322949323,4.13365248324973,5.00448307113784
"CA","Capex: -0%, Elec: -50%","Scenario3","Breweries",12.9290814825774,28652.5249653107,3.58757410155736,7.38184967439984
"CA","Capex: -100%, Elec: -0%","Scenario3","Breweries",39.9169455721291,28652.5249653107,3.58757410155736,7.38184967439984
"CA","Capex: -50%, Elec: -0%","Scenario3","Breweries",39.965547899083,28652.5249653107,3.58757410155736,7.38184967439984
"CA","Capex: -50%, Elec: -50%","Scenario3","Breweries",12.8804791556234,28652.5249653107,3.58757410155736,7.38184967439984
"CA","No Policy","Scenario3","Breweries",40.0141502260369,28652.5249653107,3.58757410155736,7.38184967439984
"MI","Capex: -0%, Elec: -50%","Scenario2","Cheese Manufacturing",-2.34454009860502,27995.5676122137,3.34655398814285,3.43731477934888
"MI","Capex: -100%, Elec: -0%","Scenario2","Cheese Manufacturing",0.820272867270138,27995.5676122137,3.34655398814285,3.43731477934888
"MI","Capex: -50%, Elec: -0%","Scenario2","Cheese Manufacturing",1.73200483033057,27995.5676122137,3.34655398814285,3.43731477934888
"MI","Capex: -50%, Elec: -50%","Scenario2","Cheese Manufacturing",-3.25627206166545,27995.5676122137,3.34655398814285,3.43731477934888
"MI","No Policy","Scenario2","Cheese Manufacturing",2.643736793391,27995.5676122137,3.34655398814285,3.43731477934888
"OR","Capex: -0%, Elec: -50%","Scenario2","Ethyl Alcohol Manufacturing",-2.28391296104359,27518.2691149968,2.23091224526308,2.97992008824577
"OR","Capex: -100%, Elec: -0%","Scenario2","Ethyl Alcohol Manufacturing",1.42298453460504,27518.2691149968,2.23091224526308,2.97992008824577
"OR","Capex: -50%, Elec: -0%","Scenario2","Ethyl Alcohol Manufacturing",2.33471649766548,27518.2691149968,2.23091224526308,2.97992008824577
"OR","Capex: -50%, Elec: -50%","Scenario2","Ethyl Alcohol Manufacturing",-3.19564492410403,27518.2691149968,2.23091224526308,2.97992008824577
"OR","No Policy","Scenario2","Ethyl Alcohol Manufacturing",3.24644846072591,27518.2691149968,2.23091224526308,2.97992008824577
"WI","Capex: -0%, Elec: -50%","Scenario4","Other Snack Food Manufacturing",3.60967189246536,27196.4906543907,4.13365248324973,5.00448307113784
"WI","Capex: -100%, Elec: -0%","Scenario4","Other Snack Food Manufacturing",10.9274160836831,27196.4906543907,4.13365248324973,5.00448307113784
"WI","Capex: -50%, Elec: -0%","Scenario4","Other Snack Food Manufacturing",11.7479748504375,27196.4906543907,4.13365248324973,5.00448307113784
"WI","Capex: -50%, Elec: -50%","Scenario4","Other Snack Food Manufacturing",2.78911312571097,27196.4906543907,4.13365248324973,5.00448307113784
"WI","No Policy","Scenario4","Other Snack Food Manufacturing",12.5685336171919,27196.4906543907,4.13365248324973,5.00448307113784
"MD","Capex: -0%, Elec: -50%","Scenario2","Rendering and Meat Byproduct Processing",2.84428597071699,26701.2398710848,3.03609383225767,4.07501946672362
"MD","Capex: -100%, Elec: -0%","Scenario2","Rendering and Meat Byproduct Processing",16.4634370777718,26701.2398710848,3.03609383225767,4.07501946672362
"MD","Capex: -50%, Elec: -0%","Scenario2","Rendering and Meat Byproduct Processing",17.3751690408322,26701.2398710848,3.03609383225767,4.07501946672362
"MD","Capex: -50%, Elec: -50%","Scenario2","Rendering and Meat Byproduct Processing",1.93255400765656,26701.2398710848,3.03609383225767,4.07501946672362
"MD","No Policy","Scenario2","Rendering and Meat Byproduct Processing",18.2869010038926,26701.2398710848,3.03609383225767,4.07501946672362
"WI","Capex: -0%, Elec: -50%","Scenario2","Cheese Manufacturing",0.0268256338794117,26409.3078015322,4.13365248324973,5.00448307113784
"WI","Capex: -100%, Elec: -0%","Scenario2","Cheese Manufacturing",3.3312025963985,26409.3078015322,4.13365248324973,5.00448307113784
"WI","Capex: -50%, Elec: -0%","Scenario2","Cheese Manufacturing",4.24293455945893,26409.3078015322,4.13365248324973,5.00448307113784
"WI","Capex: -50%, Elec: -50%","Scenario2","Cheese Manufacturing",-0.884906329181022,26409.3078015322,4.13365248324973,5.00448307113784
"WI","No Policy","Scenario2","Cheese Manufacturing",5.15466652251937,26409.3078015322,4.13365248324973,5.00448307113784
"MI","Capex: -0%, Elec: -50%","Scenario4","Cheese Manufacturing",-3.07150411186586,25288.3408509924,3.34655398814285,3.43731477934888
"MI","Capex: -100%, Elec: -0%","Scenario4","Cheese Manufacturing",-0.223172442578213,25288.3408509924,3.34655398814285,3.43731477934888
"MI","Capex: -50%, Elec: -0%","Scenario4","Cheese Manufacturing",0.597386324176176,25288.3408509924,3.34655398814285,3.43731477934888
"MI","Capex: -50%, Elec: -50%","Scenario4","Cheese Manufacturing",-3.89206287862025,25288.3408509924,3.34655398814285,3.43731477934888
"MI","No Policy","Scenario4","Cheese Manufacturing",1.41794509093057,25288.3408509924,3.34655398814285,3.43731477934888
"OR","Capex: -0%, Elec: -50%","Scenario4","Ethyl Alcohol Manufacturing",-3.06508785052013,24766.4422034971,2.23091224526308,2.97992008824577
"OR","Capex: -100%, Elec: -0%","Scenario4","Ethyl Alcohol Manufacturing",0.271119895563642,24766.4422034971,2.23091224526308,2.97992008824577
"OR","Capex: -50%, Elec: -0%","Scenario4","Ethyl Alcohol Manufacturing",1.09167866231803,24766.4422034971,2.23091224526308,2.97992008824577
"OR","Capex: -50%, Elec: -50%","Scenario4","Ethyl Alcohol Manufacturing",-3.88564661727452,24766.4422034971,2.23091224526308,2.97992008824577
"OR","No Policy","Scenario4","Ethyl Alcohol Manufacturing",1.91223742907242,24766.4422034971,2.23091224526308,2.97992008824577
"WI","Capex: -0%, Elec: -50%","Scenario2","Breweries",1.78277871489047,24434.2385131572,4.13365248324973,5.00448307113784
"WI","Capex: -100%, Elec: -0%","Scenario2","Breweries",6.85439704083375,24434.2385131572,4.13365248324973,5.00448307113784
"WI","Capex: -50%, Elec: -0%","Scenario2","Breweries",7.76612900389418,24434.2385131572,4.13365248324973,5.00448307113784
"WI","Capex: -50%, Elec: -50%","Scenario2","Breweries",0.871046751830036,24434.2385131572,4.13365248324973,5.00448307113784
"WI","No Policy","Scenario2","Breweries",8.67786096695462,24434.2385131572,4.13365248324973,5.00448307113784
"MD","Capex: -0%, Elec: -50%","Scenario4","Rendering and Meat Byproduct Processing",1.07188572009984,24031.1158839763,3.03609383225767,4.07501946672362
"MD","Capex: -100%, Elec: -0%","Scenario4","Rendering and Meat Byproduct Processing",13.3291217164491,24031.1158839763,3.03609383225767,4.07501946672362
"MD","Capex: -50%, Elec: -0%","Scenario4","Rendering and Meat Byproduct Processing",14.1496804832035,24031.1158839763,3.03609383225767,4.07501946672362
"MD","Capex: -50%, Elec: -50%","Scenario4","Rendering and Meat Byproduct Processing",0.251326953345453,24031.1158839763,3.03609383225767,4.07501946672362
"MD","No Policy","Scenario4","Rendering and Meat Byproduct Processing",14.9702392499579,24031.1158839763,3.03609383225767,4.07501946672362
"WI","Capex: -0%, Elec: -50%","Scenario4","Cheese Manufacturing",-0.714097202284172,23768.377021379,4.13365248324973,5.00448307113784
"WI","Capex: -100%, Elec: -0%","Scenario4","Cheese Manufacturing",2.25984206398301,23768.377021379,4.13365248324973,5.00448307113784
"WI","Capex: -50%, Elec: -0%","Scenario4","Cheese Manufacturing",3.0804008307374,23768.377021379,4.13365248324973,5.00448307113784
"WI","Capex: -50%, Elec: -50%","Scenario4","Cheese Manufacturing",-1.53465596903856,23768.377021379,4.13365248324973,5.00448307113784
"WI","No Policy","Scenario4","Cheese Manufacturing",3.90095959749179,23768.377021379,4.13365248324973,5.00448307113784
"CA","Capex: -0%, Elec: -50%","Scenario1","Rendering and Meat Byproduct Processing",15.9423180166677,23509.5676732292,3.58757410155736,7.38184967439984
"CA","Capex: -100%, Elec: -0%","Scenario1","Rendering and Meat Byproduct Processing",45.9288336717253,23509.5676732292,3.58757410155736,7.38184967439984
"CA","Capex: -50%, Elec: -0%","Scenario1","Rendering and Meat Byproduct Processing",45.9828362572296,23509.5676732292,3.58757410155736,7.38184967439984
"CA","Capex: -50%, Elec: -50%","Scenario1","Rendering and Meat Byproduct Processing",15.8883154311634,23509.5676732292,3.58757410155736,7.38184967439984
"CA","No Policy","Scenario1","Rendering and Meat Byproduct Processing",46.036838842734,23509.5676732292,3.58757410155736,7.38184967439984
"NY","Capex: -0%, Elec: -50%","Scenario2","Ethyl Alcohol Manufacturing",-6.78574970075923,22133.7950815269,1.15200385745182,1.91210390569382
"NY","Capex: -100%, Elec: -0%","Scenario2","Ethyl Alcohol Manufacturing",-4.20932051507746,22133.7950815269,1.15200385745182,1.91210390569382
"NY","Capex: -50%, Elec: -0%","Scenario2","Ethyl Alcohol Manufacturing",-3.29758855201702,22133.7950815269,1.15200385745182,1.91210390569382
"NY","Capex: -50%, Elec: -50%","Scenario2","Ethyl Alcohol Manufacturing",-7.69748166381966,22133.7950815269,1.15200385745182,1.91210390569382
"NY","No Policy","Scenario2","Ethyl Alcohol Manufacturing",-2.38585658895659,22133.7950815269,1.15200385745182,1.91210390569382
"WI","Capex: -0%, Elec: -50%","Scenario4","Breweries",0.865131742384468,21990.8146618414,4.13365248324973,5.00448307113784
"WI","Capex: -100%, Elec: -0%","Scenario4","Breweries",5.42958823573342,21990.8146618414,4.13365248324973,5.00448307113784
"WI","Capex: -50%, Elec: -0%","Scenario4","Breweries",6.25014700248781,21990.8146618414,4.13365248324973,5.00448307113784
"WI","Capex: -50%, Elec: -50%","Scenario4","Breweries",0.0445729756300786,21990.8146618414,4.13365248324973,5.00448307113784
"WI","No Policy","Scenario4","Breweries",7.0707057692422,21990.8146618414,4.13365248324973,5.00448307113784
"PA","Capex: -0%, Elec: -50%","Scenario1","Rendering and Meat Byproduct Processing",0.062033264065974,21806.8414470934,2.06333682922532,3.14778090982423
"PA","Capex: -100%, Elec: -0%","Scenario1","Rendering and Meat Byproduct Processing",11.7380917544216,21806.8414470934,2.06333682922532,3.14778090982423
"PA","Capex: -50%, Elec: -0%","Scenario1","Rendering and Meat Byproduct Processing",11.792094339926,21806.8414470934,2.06333682922532,3.14778090982423
"PA","Capex: -50%, Elec: -50%","Scenario1","Rendering and Meat Byproduct Processing",0.00803067856162443,21806.8414470934,2.06333682922532,3.14778090982423
"PA","No Policy","Scenario1","Rendering and Meat Byproduct Processing",11.8460969254303,21806.8414470934,2.06333682922532,3.14778090982423
"CA","Capex: -0%, Elec: -50%","Scenario3","Rendering and Meat Byproduct Processing",12.9206550124359,21158.6109059063,3.58757410155736,7.38184967439984
"CA","Capex: -100%, Elec: -0%","Scenario3","Rendering and Meat Byproduct Processing",39.9085191019876,21158.6109059063,3.58757410155736,7.38184967439984
"CA","Capex: -50%, Elec: -0%","Scenario3","Rendering and Meat Byproduct Processing",39.9571214289416,21158.6109059063,3.58757410155736,7.38184967439984
"CA","Capex: -50%, Elec: -50%","Scenario3","Rendering and Meat Byproduct Processing",12.872052685482,21158.6109059063,3.58757410155736,7.38184967439984
"CA","No Policy","Scenario3","Rendering and Meat Byproduct Processing",40.0057237558955,21158.6109059063,3.58757410155736,7.38184967439984
"CA","Capex: -0%, Elec: -50%","Scenario2","Ethyl Alcohol Manufacturing",4.7151865160374,20588.7942988816,3.58757410155736,7.38184967439984
"CA","Capex: -100%, Elec: -0%","Scenario2","Ethyl Alcohol Manufacturing",19.5740918295649,20588.7942988816,3.58757410155736,7.38184967439984
"CA","Capex: -50%, Elec: -0%","Scenario2","Ethyl Alcohol Manufacturing",20.4858237926254,20588.7942988816,3.58757410155736,7.38184967439984
"CA","Capex: -50%, Elec: -50%","Scenario2","Ethyl Alcohol Manufacturing",3.80345455297696,20588.7942988816,3.58757410155736,7.38184967439984
"CA","No Policy","Scenario2","Ethyl Alcohol Manufacturing",21.3975557556858,20588.7942988816,3.58757410155736,7.38184967439984
"NY","Capex: -0%, Elec: -50%","Scenario4","Ethyl Alcohol Manufacturing",-7.45387775923908,19920.4155733742,1.15200385745182,1.91210390569382
"NY","Capex: -100%, Elec: -0%","Scenario4","Ethyl Alcohol Manufacturing",-5.13509149212548,19920.4155733742,1.15200385745182,1.91210390569382
"NY","Capex: -50%, Elec: -0%","Scenario4","Ethyl Alcohol Manufacturing",-4.31453272537109,19920.4155733742,1.15200385745182,1.91210390569382
"NY","Capex: -50%, Elec: -50%","Scenario4","Ethyl Alcohol Manufacturing",-8.27443652599347,19920.4155733742,1.15200385745182,1.91210390569382
"NY","No Policy","Scenario4","Ethyl Alcohol Manufacturing",-3.4939739586167,19920.4155733742,1.15200385745182,1.91210390569382
"PA","Capex: -0%, Elec: -50%","Scenario3","Rendering and Meat Byproduct Processing",-1.1285840236957,19798.957302384,2.06333682922532,3.14778090982423
"PA","Capex: -100%, Elec: -0%","Scenario3","Rendering and Meat Byproduct Processing",9.37986861762438,19798.957302384,2.06333682922532,3.14778090982423
"PA","Capex: -50%, Elec: -0%","Scenario3","Rendering and Meat Byproduct Processing",9.42847094457829,19798.957302384,2.06333682922532,3.14778090982423
"PA","Capex: -50%, Elec: -50%","Scenario3","Rendering and Meat Byproduct Processing",-1.17718635064962,19798.957302384,2.06333682922532,3.14778090982423
"PA","No Policy","Scenario3","Rendering and Meat Byproduct Processing",9.4770732715322,19798.957302384,2.06333682922532,3.14778090982423
"WI","Capex: -0%, Elec: -50%","Scenario2","Fluid Milk Manufacturing",-0.107920818393691,19039.6546981788,4.13365248324973,5.00448307113784
"WI","Capex: -100%, Elec: -0%","Scenario2","Fluid Milk Manufacturing",3.078426247918,19039.6546981788,4.13365248324973,5.00448307113784
"WI","Capex: -50%, Elec: -0%","Scenario2","Fluid Milk Manufacturing",3.99015821097844,19039.6546981788,4.13365248324973,5.00448307113784
"WI","Capex: -50%, Elec: -50%","Scenario2","Fluid Milk Manufacturing",-1.01965278145412,19039.6546981788,4.13365248324973,5.00448307113784
"WI","No Policy","Scenario2","Fluid Milk Manufacturing",4.90189017403887,19039.6546981788,4.13365248324973,5.00448307113784
"CA","Capex: -0%, Elec: -50%","Scenario2","Breweries",4.46776843381085,18889.9121582814,3.58757410155736,7.38184967439984
"CA","Capex: -100%, Elec: -0%","Scenario2","Breweries",19.0965710240144,18889.9121582814,3.58757410155736,7.38184967439984
"CA","Capex: -50%, Elec: -0%","Scenario2","Breweries",20.0083029870748,18889.9121582814,3.58757410155736,7.38184967439984
"CA","Capex: -50%, Elec: -50%","Scenario2","Breweries",3.55603647075042,18889.9121582814,3.58757410155736,7.38184967439984
"CA","No Policy","Scenario2","Breweries",20.9200349501353,18889.9121582814,3.58757410155736,7.38184967439984
"CA","Capex: -0%, Elec: -50%","Scenario4","Ethyl Alcohol Manufacturing",2.81881084477298,18529.9148689935,3.58757410155736,7.38184967439984
"CA","Capex: -100%, Elec: -0%","Scenario4","Ethyl Alcohol Manufacturing",16.1918256269478,18529.9148689935,3.58757410155736,7.38184967439984
"CA","Capex: -50%, Elec: -0%","Scenario4","Ethyl Alcohol Manufacturing",17.0123843937022,18529.9148689935,3.58757410155736,7.38184967439984
"CA","Capex: -50%, Elec: -50%","Scenario4","Ethyl Alcohol Manufacturing",1.99825207801858,18529.9148689935,3.58757410155736,7.38184967439984
"CA","No Policy","Scenario4","Ethyl Alcohol Manufacturing",17.8329431604565,18529.9148689935,3.58757410155736,7.38184967439984
"CA","Capex: -0%, Elec: -50%","Scenario2","Rendering and Meat Byproduct Processing",10.874529561159,17772.0978687392,3.58757410155736,7.38184967439984
"CA","Capex: -100%, Elec: -0%","Scenario2","Rendering and Meat Byproduct Processing",31.9185197488521,17772.0978687392,3.58757410155736,7.38184967439984
"CA","Capex: -50%, Elec: -0%","Scenario2","Rendering and Meat Byproduct Processing",32.8302517119126,17772.0978687392,3.58757410155736,7.38184967439984
"CA","Capex: -50%, Elec: -50%","Scenario2","Rendering and Meat Byproduct Processing",9.96279759809854,17772.0978687392,3.58757410155736,7.38184967439984
"CA","No Policy","Scenario2","Rendering and Meat Byproduct Processing",33.741983674973,17772.0978687392,3.58757410155736,7.38184967439984
"CA","Capex: -0%, Elec: -50%","Scenario4","Breweries",2.59440303487882,17411.1109424533,3.58757410155736,7.38184967439984
"CA","Capex: -100%, Elec: -0%","Scenario4","Breweries",15.760325366062,17411.1109424533,3.58757410155736,7.38184967439984
"CA","Capex: -50%, Elec: -0%","Scenario4","Breweries",16.5808841328164,17411.1109424533,3.58757410155736,7.38184967439984
"CA","Capex: -50%, Elec: -50%","Scenario4","Breweries",1.77384426812443,17411.1109424533,3.58757410155736,7.38184967439984
"CA","No Policy","Scenario4","Breweries",17.4014428995708,17411.1109424533,3.58757410155736,7.38184967439984
"WI","Capex: -0%, Elec: -50%","Scenario4","Fluid Milk Manufacturing",-0.837040664936533,17135.6892283609,4.13365248324973,5.00448307113784
"WI","Capex: -100%, Elec: -0%","Scenario4","Fluid Milk Manufacturing",2.03067169474399,17135.6892283609,4.13365248324973,5.00448307113784
"WI","Capex: -50%, Elec: -0%","Scenario4","Fluid Milk Manufacturing",2.85123046149838,17135.6892283609,4.13365248324973,5.00448307113784
"WI","Capex: -50%, Elec: -50%","Scenario4","Fluid Milk Manufacturing",-1.65759943169092,17135.6892283609,4.13365248324973,5.00448307113784
"WI","No Policy","Scenario4","Fluid Milk Manufacturing",3.67178922825277,17135.6892283609,4.13365248324973,5.00448307113784
"PA","Capex: -0%, Elec: -50%","Scenario2","Rendering and Meat Byproduct Processing",-0.626900254556261,16906.634513768,2.06333682922532,3.14778090982423
"PA","Capex: -100%, Elec: -0%","Scenario2","Rendering and Meat Byproduct Processing",6.48548770532157,16906.634513768,2.06333682922532,3.14778090982423
"PA","Capex: -50%, Elec: -0%","Scenario2","Rendering and Meat Byproduct Processing",7.397219668382,16906.634513768,2.06333682922532,3.14778090982423
"PA","Capex: -50%, Elec: -50%","Scenario2","Rendering and Meat Byproduct Processing",-1.5386322176167,16906.634513768,2.06333682922532,3.14778090982423
"PA","No Policy","Scenario2","Rendering and Meat Byproduct Processing",8.30895163144243,16906.634513768,2.06333682922532,3.14778090982423
"MN","Capex: -0%, Elec: -50%","Scenario2","Cheese Manufacturing",-0.0210899789397061,16732.908926714,4.245701207139,5.09644912743735
"MN","Capex: -100%, Elec: -0%","Scenario2","Cheese Manufacturing",3.77916902326625,16732.908926714,4.245701207139,5.09644912743735
"MN","Capex: -50%, Elec: -0%","Scenario2","Cheese Manufacturing",4.69090098632668,16732.908926714,4.245701207139,5.09644912743735
"MN","Capex: -50%, Elec: -50%","Scenario2","Cheese Manufacturing",-0.932821942000139,16732.908926714,4.245701207139,5.09644912743735
"MN","No Policy","Scenario2","Cheese Manufacturing",5.60263294938712,16732.908926714,4.245701207139,5.09644912743735
"CA","Capex: -0%, Elec: -50%","Scenario4","Rendering and Meat Byproduct Processing",8.35964540247798,15994.8880818653,3.58757410155736,7.38184967439984
"CA","Capex: -100%, Elec: -0%","Scenario4","Rendering and Meat Byproduct Processing",27.2992365714018,15994.8880818653,3.58757410155736,7.38184967439984
"CA","Capex: -50%, Elec: -0%","Scenario4","Rendering and Meat Byproduct Processing",28.1197953381562,15994.8880818653,3.58757410155736,7.38184967439984
"CA","Capex: -50%, Elec: -50%","Scenario4","Rendering and Meat Byproduct Processing",7.53908663572359,15994.8880818653,3.58757410155736,7.38184967439984
"CA","No Policy","Scenario4","Rendering and Meat Byproduct Processing",28.9403541049106,15994.8880818653,3.58757410155736,7.38184967439984
"PA","Capex: -0%, Elec: -50%","Scenario4","Rendering and Meat Byproduct Processing",-1.74862419045572,15388.7710623912,2.06333682922532,3.14778090982423
"PA","Capex: -100%, Elec: -0%","Scenario4","Rendering and Meat Byproduct Processing",4.65252497343432,15388.7710623912,2.06333682922532,3.14778090982423
"PA","Capex: -50%, Elec: -0%","Scenario4","Rendering and Meat Byproduct Processing",5.47308374018871,15388.7710623912,2.06333682922532,3.14778090982423
"PA","Capex: -50%, Elec: -50%","Scenario4","Rendering and Meat Byproduct Processing",-2.56918295721011,15388.7710623912,2.06333682922532,3.14778090982423
"PA","No Policy","Scenario4","Rendering and Meat Byproduct Processing",6.2936425069431,15388.7710623912,2.06333682922532,3.14778090982423
"PA","Capex: -0%, Elec: -50%","Scenario1","Animal (except Poultry) Slaughtering",0.044549914725053,15239.4734645891,2.06333682922532,3.14778090982423
"PA","Capex: -100%, Elec: -0%","Scenario1","Animal (except Poultry) Slaughtering",11.7206084050807,15239.4734645891,2.06333682922532,3.14778090982423
"PA","Capex: -50%, Elec: -0%","Scenario1","Animal (except Poultry) Slaughtering",11.7746109905851,15239.4734645891,2.06333682922532,3.14778090982423
"PA","Capex: -50%, Elec: -50%","Scenario1","Animal (except Poultry) Slaughtering",-0.00945267077929657,15239.4734645891,2.06333682922532,3.14778090982423
"PA","No Policy","Scenario1","Animal (except Poultry) Slaughtering",11.8286135760894,15239.4734645891,2.06333682922532,3.14778090982423
"PA","Capex: -0%, Elec: -50%","Scenario2","Cheese Manufacturing",-4.76594645403842,15079.210481319,2.06333682922532,3.14778090982423
"PA","Capex: -100%, Elec: -0%","Scenario2","Cheese Manufacturing",-1.80816661468657,15079.210481319,2.06333682922532,3.14778090982423
"PA","Capex: -50%, Elec: -0%","Scenario2","Cheese Manufacturing",-0.896434651626139,15079.210481319,2.06333682922532,3.14778090982423
"PA","Capex: -50%, Elec: -50%","Scenario2","Cheese Manufacturing",-5.67767841709886,15079.210481319,2.06333682922532,3.14778090982423
"PA","No Policy","Scenario2","Cheese Manufacturing",0.0152973114342938,15079.210481319,2.06333682922532,3.14778090982423
"MN","Capex: -0%, Elec: -50%","Scenario4","Cheese Manufacturing",-0.811601019071976,15059.6180340426,4.245701207139,5.09644912743735
"MN","Capex: -100%, Elec: -0%","Scenario4","Cheese Manufacturing",2.60863208291338,15059.6180340426,4.245701207139,5.09644912743735
"MN","Capex: -50%, Elec: -0%","Scenario4","Cheese Manufacturing",3.42919084966777,15059.6180340426,4.245701207139,5.09644912743735
"MN","Capex: -50%, Elec: -50%","Scenario4","Cheese Manufacturing",-1.63215978582637,15059.6180340426,4.245701207139,5.09644912743735
"MN","No Policy","Scenario4","Cheese Manufacturing",4.24974961642216,15059.6180340426,4.245701207139,5.09644912743735
"NY","Capex: -0%, Elec: -50%","Scenario1","Breweries",-5.45824132121532,13977.1167608025,1.15200385745182,1.91210390569382
"NY","Capex: -100%, Elec: -0%","Scenario1","Breweries",2.38950290296229,13977.1167608025,1.15200385745182,1.91210390569382
"NY","Capex: -50%, Elec: -0%","Scenario1","Breweries",2.44350548846664,13977.1167608025,1.15200385745182,1.91210390569382
"NY","Capex: -50%, Elec: -50%","Scenario1","Breweries",-5.51224390671967,13977.1167608025,1.15200385745182,1.91210390569382
"NY","No Policy","Scenario1","Breweries",2.49750807397099,13977.1167608025,1.15200385745182,1.91210390569382
"PA","Capex: -0%, Elec: -50%","Scenario3","Animal (except Poultry) Slaughtering",-1.14606737303663,13732.4061181302,2.06333682922532,3.14778090982423
"PA","Capex: -100%, Elec: -0%","Scenario3","Animal (except Poultry) Slaughtering",9.36238526828346,13732.4061181302,2.06333682922532,3.14778090982423
"PA","Capex: -50%, Elec: -0%","Scenario3","Animal (except Poultry) Slaughtering",9.41098759523737,13732.4061181302,2.06333682922532,3.14778090982423
"PA","Capex: -50%, Elec: -50%","Scenario3","Animal (except Poultry) Slaughtering",-1.19466969999054,13732.4061181302,2.06333682922532,3.14778090982423
"PA","No Policy","Scenario3","Animal (except Poultry) Slaughtering",9.45958992219128,13732.4061181302,2.06333682922532,3.14778090982423
"PA","Capex: -0%, Elec: -50%","Scenario4","Cheese Manufacturing",-5.47220957788528,13571.2894331871,2.06333682922532,3.14778090982423
"PA","Capex: -100%, Elec: -0%","Scenario4","Cheese Manufacturing",-2.81020772246862,13571.2894331871,2.06333682922532,3.14778090982423
"PA","Capex: -50%, Elec: -0%","Scenario4","Cheese Manufacturing",-1.98964895571423,13571.2894331871,2.06333682922532,3.14778090982423
"PA","Capex: -50%, Elec: -50%","Scenario4","Cheese Manufacturing",-6.29276834463967,13571.2894331871,2.06333682922532,3.14778090982423
"PA","No Policy","Scenario4","Cheese Manufacturing",-1.16909018895984,13571.2894331871,2.06333682922532,3.14778090982423
"NY","Capex: -0%, Elec: -50%","Scenario3","Breweries",-6.2660271823592,12886.5650847222,1.15200385745182,1.91210390569382
"NY","Capex: -100%, Elec: -0%","Scenario3","Breweries",0.796942619400657,12886.5650847222,1.15200385745182,1.91210390569382
"NY","Capex: -50%, Elec: -0%","Scenario3","Breweries",0.845544946354572,12886.5650847222,1.15200385745182,1.91210390569382
"NY","Capex: -50%, Elec: -50%","Scenario3","Breweries",-6.31462950931311,12886.5650847222,1.15200385745182,1.91210390569382
"NY","No Policy","Scenario3","Breweries",0.894147273308484,12886.5650847222,1.15200385745182,1.91210390569382
"PA","Capex: -0%, Elec: -50%","Scenario2","Animal (except Poultry) Slaughtering",-2.50528598679557,9177.08758534515,2.06333682922532,3.14778090982423
"PA","Capex: -100%, Elec: -0%","Scenario2","Animal (except Poultry) Slaughtering",2.74619959018387,9177.08758534515,2.06333682922532,3.14778090982423
"PA","Capex: -50%, Elec: -0%","Scenario2","Animal (except Poultry) Slaughtering",3.6579315532443,9177.08758534515,2.06333682922532,3.14778090982423
"PA","Capex: -50%, Elec: -50%","Scenario2","Animal (except Poultry) Slaughtering",-3.417017949856,9177.08758534515,2.06333682922532,3.14778090982423
"PA","No Policy","Scenario2","Animal (except Poultry) Slaughtering",4.56966351630474,9177.08758534515,2.06333682922532,3.14778090982423
"NY","Capex: -0%, Elec: -50%","Scenario1","Sanitary Paper Product Manufacturing",-5.46966945621872,8996.25372630798,1.15200385745182,1.91210390569382
"NY","Capex: -100%, Elec: -0%","Scenario1","Sanitary Paper Product Manufacturing",2.37807476795889,8996.25372630798,1.15200385745182,1.91210390569382
"NY","Capex: -50%, Elec: -0%","Scenario1","Sanitary Paper Product Manufacturing",2.43207735346324,8996.25372630798,1.15200385745182,1.91210390569382
"NY","Capex: -50%, Elec: -50%","Scenario1","Sanitary Paper Product Manufacturing",-5.52367204172307,8996.25372630798,1.15200385745182,1.91210390569382
"NY","No Policy","Scenario1","Sanitary Paper Product Manufacturing",2.48607993896759,8996.25372630798,1.15200385745182,1.91210390569382
"NY","Capex: -0%, Elec: -50%","Scenario2","Breweries",-6.91570315416826,8983.62151517786,1.15200385745182,1.91210390569382
"NY","Capex: -100%, Elec: -0%","Scenario2","Breweries",-4.40015777479917,8983.62151517786,1.15200385745182,1.91210390569382
"NY","Capex: -50%, Elec: -0%","Scenario2","Breweries",-3.48842581173873,8983.62151517786,1.15200385745182,1.91210390569382
"NY","Capex: -50%, Elec: -50%","Scenario2","Breweries",-7.82743511722869,8983.62151517786,1.15200385745182,1.91210390569382
"NY","No Policy","Scenario2","Breweries",-2.5766938486783,8983.62151517786,1.15200385745182,1.91210390569382
"NY","Capex: -0%, Elec: -50%","Scenario4","Breweries",-7.57774283201684,8392.41936366008,1.15200385745182,1.91210390569382
"NY","Capex: -100%, Elec: -0%","Scenario4","Breweries",-5.31375199058466,8392.41936366008,1.15200385745182,1.91210390569382
"NY","Capex: -50%, Elec: -0%","Scenario4","Breweries",-4.49319322383027,8392.41936366008,1.15200385745182,1.91210390569382
"NY","Capex: -50%, Elec: -50%","Scenario4","Breweries",-8.39830159877123,8392.41936366008,1.15200385745182,1.91210390569382
"NY","No Policy","Scenario4","Breweries",-3.67263445707588,8392.41936366008,1.15200385745182,1.91210390569382
"PA","Capex: -0%, Elec: -50%","Scenario4","Animal (except Poultry) Slaughtering",-3.44091968440519,8276.25882681063,2.06333682922532,3.14778090982423
"PA","Capex: -100%, Elec: -0%","Scenario4","Animal (except Poultry) Slaughtering",1.28541733487631,8276.25882681063,2.06333682922532,3.14778090982423
"PA","Capex: -50%, Elec: -0%","Scenario4","Animal (except Poultry) Slaughtering",2.1059761016307,8276.25882681063,2.06333682922532,3.14778090982423
"PA","Capex: -50%, Elec: -50%","Scenario4","Animal (except Poultry) Slaughtering",-4.26147845115958,8276.25882681063,2.06333682922532,3.14778090982423
"PA","No Policy","Scenario4","Animal (except Poultry) Slaughtering",2.92653486838509,8276.25882681063,2.06333682922532,3.14778090982423
"NY","Capex: -0%, Elec: -50%","Scenario3","Sanitary Paper Product Manufacturing",-6.2774553173626,8096.62835367718,1.15200385745182,1.91210390569382
"NY","Capex: -100%, Elec: -0%","Scenario3","Sanitary Paper Product Manufacturing",0.785514484397254,8096.62835367718,1.15200385745182,1.91210390569382
"NY","Capex: -50%, Elec: -0%","Scenario3","Sanitary Paper Product Manufacturing",0.834116811351169,8096.62835367718,1.15200385745182,1.91210390569382
"NY","Capex: -50%, Elec: -50%","Scenario3","Sanitary Paper Product Manufacturing",-6.32605764431651,8096.62835367718,1.15200385745182,1.91210390569382
"NY","No Policy","Scenario3","Sanitary Paper Product Manufacturing",0.882719138305081,8096.62835367718,1.15200385745182,1.91210390569382
"NY","Capex: -0%, Elec: -50%","Scenario2","Sanitary Paper Product Manufacturing",-7.74636458131966,3948.51855465875,1.15200385745182,1.91210390569382
"NY","Capex: -100%, Elec: -0%","Scenario2","Sanitary Paper Product Manufacturing",-6.05005249409857,3948.51855465875,1.15200385745182,1.91210390569382
"NY","Capex: -50%, Elec: -0%","Scenario2","Sanitary Paper Product Manufacturing",-5.13832053103814,3948.51855465875,1.15200385745182,1.91210390569382
"NY","Capex: -50%, Elec: -50%","Scenario2","Sanitary Paper Product Manufacturing",-8.6580965443801,3948.51855465875,1.15200385745182,1.91210390569382
"NY","No Policy","Scenario2","Sanitary Paper Product Manufacturing",-4.22658856797771,3948.51855465875,1.15200385745182,1.91210390569382
"NY","Capex: -0%, Elec: -50%","Scenario4","Sanitary Paper Product Manufacturing",-8.32648092995344,3553.66669919287,1.15200385745182,1.91210390569382
"NY","Capex: -100%, Elec: -0%","Scenario4","Sanitary Paper Product Manufacturing",-6.79980005145446,3553.66669919287,1.15200385745182,1.91210390569382
"NY","Capex: -50%, Elec: -0%","Scenario4","Sanitary Paper Product Manufacturing",-5.97924128470008,3553.66669919287,1.15200385745182,1.91210390569382
"NY","Capex: -50%, Elec: -50%","Scenario4","Sanitary Paper Product Manufacturing",-9.14703969670783,3553.66669919287,1.15200385745182,1.91210390569382
"NY","No Policy","Scenario4","Sanitary Paper Product Manufacturing",-5.15868251794568,3553.66669919287,1.15200385745182,1.91210390569382
